pdbid,fasta,non_natural_aa
3os5,HGVCWIYYPDGGSLVGEVNEDGEMTGEKIAYVYPDERTALYGKFIDGEMIEGKLATLMSTEEGRPHFELMPGNSVYHFDKSTSSCISTNALLPDPYESERVYVAESLISSAGEGLFSKVAVGPNTVMSFYNGVRITHQEVDSRDWALNGNTLSLDEETVIDVPEPYNHVSKYCASLGHKANHSFTPNCIYDMFVHPRFGPIKCIRTLRAVEADEELTVAYGYDHSPPGKSGPEAPEWYQVELKAFQATQ:TPRRSXSA,MLZ
1kc2,AEEWYFGKITRRESERLLLNPENPRGTFLVRESETTKGAYCLSVSLNVAHYKIRKLDSGGFYITSRTQFSSLQQLVAYYSKHADGLCHRLTNVCPT:PQXEEIPI,PTR
2dvr,GRVTNQLQYLHKVVXKALWKHQFAWPFRQPVDAVKLGLPDYHKIIKQPXDXGTIKRRLENNYYWAASECXQDFNTXFTNCYIYNKPTDDIVLXAQTLEKIFLQKVASXPQEEQE:GRVTNQLQYLHKVVXKALWKHQFAWPFRQPVDAVKLGLPDYHKIIKQPXDXGTIKRRLENNYYWAASECXQDFNTXFTNCYIYNKPTDDIVLXAQTLEKIFLQKVASXPQEE:KGLGXGGA:GGKGLGXGGA,MSE:MSE:MSE:MSE:MSE:MSE:MSE:MSE:MSE:MSE:MSE:MSE:MSE:MSE:ALY:ALY
2w3o,GRLWLESPPGEAPPIFLPSDGQALVLGRGPLTQVTDRKCSRTQVELVADPETRTVAVKQLGVNPSTTGTQELKPGLEGSLGVGDTLYLVNGEHPLTLRWE:YAGXXDEN,SEP:TPO
4hpt,SVKEFLAKAKEDFLKKWETPSQNTAQLDQFDRIKTLGTGSFGRVMLVKHKESGNHYAMKILDKQKVVKLKQIEHTLNEKRILQAVNFPFLVKLEFSFKDNSNLYMVMEYVAGGEMFSHLRRIGRFSEPHARFYAAQIVLTFEYLHSLDLIYRDLKPENLLIDQQGYIQVTDFGFAKRVKGRTWXLCGTPEYLAPEIILSKGYNKAVDWWALGVLIYEMAAGYPPFFADQPIQIYEKIVSGKVRFPSHFSSDLKDLLRNLLQVDLTKRFGNLKNGVNDIKNHKWFATTDWIAIYQRKVEAPFIPKFKGPGDTSNFDDYEEEEIRVXINEKCGKEFTEF:TTYADFIASGRTGRRAXIH,TPO:SEP:SEP
2p5b,ASESETLNPSARIMTFYPTMEEFRNFSRYIAYIESQGAHRAGLAKVVPPKEWKPRASYDDIDDLVIPAPIQQLVTGQSGLFTQYNIQKKAMTVREFRKIANSDKYCTPRYSEFEELERKYWKNLTFNPPIYGADVNGTLYEKHVDEWNIGRLRTILDLVEKESGITIEGVNTPYLYFGMWKTSFAWHTEDMDLYSINYLHFGEPKSWYSVPPEHGKRLERLAKGFFPGSAQSCEAFLRHKMTLISPLMLKKYGIPFDKVTQEAGEFMITFPYGYHAGFNHGFNCAESTNFATRRWIEYGKQAVLCSCRKDMVKISMDVFVRKFQPERYKLWKAGKDNTVIDHTLPTP:KSAPATGGVXKPHRYRP,M3L
1pua,LDFDILTNDGTHRNMKLLIDLKNIFSRQLPKMPKEYIVKLVFDRHHESMVILKNKQKVIGGICFRQYKPQRFAEVAFLAVTANEQVRGYGTRLMNKFKDHMQKQNIEYLLTYADNFAIGYFKKQGFTKEHRMPQEKWKGYIKDYDGGTLMECYIHPYVDYGR:QTARKXTGGKAPRKQLASK,SEP
1t29,RMSMVVSGLTPEEFMLVYKFARKHHITLTNLITEETTHVVMKTDAEFVCERTLKYFLGIAGGKWVVSYFWVTQSIKERKMLNEHDFEVRGDVVNGRNHQGPKRARESQDRKIFRGLEICCYGPFTNMPTDQLEWMVQLCGASVVKELSSFTLGTGVHPIVVVQPDAWTEDNGFHAIGQMCEAPVVTREWVLDSVALYQCQELDTYLIPQIP:ISRSTXPTFNKQ,SEP
3bun,NDXIDNP,PTR
4mzf,ARTXQTAXK:GSSHHHHHHGSRRNIVGCRIQHGWKEGNGPVTQWKGTVLDQVPVNPSLYLIKYDGFDCVYGLELNKDERVSALEVLPDRVATSRISDAHLADTMIGKAVEHMFETEDGSKDEWRGMVLARAPVMNTWFYITYEKDPVLYMYQLLDDYKEGDLRIMSLVGKQVEYAKEDGSKRTGMVIHQVEAKPSVYFIKFDDDFHIYVYDLV,M3L:DA2
1fgl,MVNPTVFFDIAVDGEPLGRVSFELFADKVPKTAENFRALSTGEKGFGYKGSCFHRIIPGFMCQGGDFTRHNGTGGKSIYGEKFEDENFILKHTGPGILSMANAGPNTNGSQFFICTAKTEWLDGKHVVFGKVKEGMNIVEAMERFGSRNGKTSKKITIADCGQLE:VHAGPIAPGQXR,NLE
1qjb,MDKNELVQKAKLAEQAERYDDMAACMKSVTEQGAELSNEERNLLSVAYKNVVGARRSSWRVVSSIEQKEKKQQMAREYREKIETELRDICNDVLSLLEKFLIPNASQAESKVFYLKMKGDYYRYLAEVAAGDDKKGIVDQSQQAYQEAFEISKKEMQPTHPIRLGLALNFSVFYYEILNSPEKACSLAKTAFDEAIAELDTLSEESYKDSTLIMQLLRDNLTLWTSDT:ARSHXYPA,SEP
6cmh,CSASSLLDKEXVYFCHLDIIW,AIB
3dm1,EFVVEKVLDRRVVNGKVEYFLKWKGFTDADNTWEPEENLDCPELIEAFLNSQ:KVHRARXT,M3L
1v6d,IVGGYTCAANSIPYQVSLNSGSHFCGGSLINSQWVVSAAHCYKSRIQVRLGEHNIDVLEGNEQFINAAKIITHPNFNGNTLDNDIMLIKLSSPATLNSRVATVSLPRSCAAAGTECLISGWGNTKSSGSSYPSLLQCLKAPVLSDSSCKSSYPGQITGNMICVGFLEGGKDSCQGDSGGPVVCNGQLQGIVSWGYGCAQKNKPGVYTKVCNYVNWIQQTIAAN:PDXLXLA,AIB:AIB
3ubw,DREDLVYQAKLAEQAERYDEMVESMKKVAGMDVELTVEERNLLSVAYKNVIGARRASWRIISSIEQKEENKGGEDKLKMIREYRQMVETELKLICXDILDVLDKHLIPAANTGESKVFYYKMKGDYHRYLAEFATGNDRKEAAENSLVAYKAASDIAMTELPPTHPIRLGLALNFSVFYYEILNSPDRACRLAKAAFDDAIAELDTLSEESYKDSTLIMQLLRDNLTLWT:RSFXEPF,CSO:SEP
2w5z,EYNPNDEEEEEVQLKSARRATSMDLPMPMRFRHLKKTSKEAVGVYRSPIHGRGLFCKRNIDAGEMVIEYAGNVIRSIQTDKREKYYDSKGIGCYMFRIDDSEVVDATMHGNAARFINHSCEPNCYSRVINIDGQKHIVIFAMRKIYRGEELTYDYKFPIEDASNKLPCNCGAKKCRKFLN:RTXQTARY,MLY
2rnx,GSHMSKEPRDPDQLYSTLKSILQQVKSHQSAWPFMEPVKRTEAPGYYEVIRFPMDLKTMSERLKNRYYVSKKLFMADLQRVFTNCKEYNPPESEYYKCANILEKFFFSKIKEAGLIDK:STGGVXKPHRYKC,ALY
2k7l,DVQVTEDAVRRYLTRKPMTTKDLLKKFQTKKTGLSSEQTVNVLAQILKRLNPERKMINDKMHFSLKE:EDXDEDDHLIYLEEILVRV,TPO
2lsp,RTYETFXSIMKKS:KDVPDSQQHPAPEKSSKVSEQLKCCSGILKEMFAKKHAAYAWPFYKPVDVEALGLHDYCDIIKHPMDMSTIKSKLEAREYRDAQEFGADVRLMFSNCYKYNPPDHEVVAMARKLQDVFEMRFAKMPDE,ALY
2wp1,QHKVLKTVKVTEQLKHCSEILKEMLAKKHLPYAWPFYNPVDADALGLHNYYDVVKNPMDLGTIKGKMDNQEYKDAYEFAADVRLMFMNCYKYNPPDHEVVAMARTLQDVFELHFAKIPDEPIES:APRXQLAT,ALY
3kv4,SVPVYCLCRLPYDVTRFMIECDMCQDWFHGSCVGVEEEKAADIDLYHCPNCEVLHGPSIMKKKPVKTGSPTFVRELRSRTFDSSDEVILKPTGNQLTVEFLEENSFSVPILVLKKDGLGMTLPSPSFTVRDVEHYVGSDKEIDVIDVTRQADCKMKLGDFVKYYYSGKREKVLNVISLEFSDTRLSNLVETPKIVRKLSWVENLWPEECVFERPNVQKYCLMSVRDSYTDFHIDFGGTSVWYHVLKGEKIFYLIRPTNANLTLFECWSSSSNQNEMFFGDQVDKCYKCSVKQGQTLFIPTGWIHAVLTPVDCLAFGGNFLHSLNIEMQLKAYEIEKRLSTADLFRFPNFETICWYVGKHILDIFRGLRENRRHPASYLVHGGKALNLAFRAWTRKEALPDHEDEIPETVRTVQLIKDLAREIRLVEDIFQQN:ARTXQTARXSTGGK,M3L:MLY
2mc1,GHMQDLSVHLWYAGPMERAGAESILANRSDGTFLVRQRVKDAAEFAISIKYNVEVKHIKIMTAEGLYRITEKKAFRGLTELVEFYQQNSLKDCFKSLDTTLQFPFKE:DTEVYESPXADPE,PTR
3f9x,KSKAELQSEERKRIDELIESGKEEGMKIDLIDGKGRGVIATKQFSRGDFVVEYHGDLIEITDAKKREALYAQDPSTGCYMYYFQYLSKTYCVDATRETNRLGRLINHSKCGNCQTKLHDIDGVPHLILIASRDIAAGEELLFDYGDRSKASIEAHPWLKH:KRHRXVLR,MLY
4igk,VNKRMSMVVSGLTPEEFMLVYKFARKHHITLTNLITEETTHVVMKTDAEFVCERTLKYFLGIAGGKWVVSYFWVTQSIKERKMLNEHDFEVRGDVVNGRNHQGPKRARESQDRKIFRGLEICCYGPFTNMPTDQLEWMVQLCGASVVKELSSFTLGTGVHPIVVVQPDAWNGFHAIGQMCEAPVVTREWVLDSVALYQCQELDTYLIPQIP:ACXPQFG,SEP
3mhr,MAAFMKGAVEKGEELSXEERNLLSVAYKNVVGGQRAAWRVLSSIEQKSNEEGSEEKGPEVREYREKVETELQGVCDTVLGLLDSHLIKEAGDAESRVFYLKMKGDYYRYLAEVATGDDKKRIIDSARSAYQEAMDISKKEMPPTNPIRLGLALNFSVFHYEIANSPEEAISLAKTTFDEAMADLHTLSEDSYKDSTLIMQLLRDNLTLWT:RAHXSPASLQ,CSO:SEP
2fx8,QVQLVQSGAEVKRPGSSVTVSCKASGGSFSTYALSWVRQAPGRGLEWMGGVIPLLTITNYAPRFQGRITITADRSTSTAYLELNSLRPEDTAVYYCAREGTTGWGWLGKPIGAFAHWGQGTLVTVSSASTKGPSVFPLAPSSKSTSGGTAALGCLVKDYFPEPVTVSWNSGALTSGVHTFPAVLQSSGLYSLSSVVTVPSSSLGTQTYICNVNHKPSNTKVDKKVEP:NWFDITNXLWRR,AIB
4glr,KVAVVRXPPK:AVTLDESGGGLQTPGGGLSLVCKASGFTLSSYQMMWVRQAPGKGLEWVAGITSRGGVTGYGSAVKGRATISRDNGQSTVRLQLNNLRAEDTGTYYCAKPALDSDQCGFPEAGCIDAWGHGTEVIVSSASTKGPSVFPLAPSSKSTSGGTAALGCLVKDYFPEPVTVSWNSGALTSGVHTFPAVLQSSGLYSLSSVVTVPSSSLGTQTYICNVNHKPSNTKVDKKVEPKS,TPO
1fev,KETXAAKFERQHLDS:NYCNQMMKSRNLTKDRCKPVNTFVHESLADVQAVCSQKNVACKNGQTNCYQSYSTMSITDCRETGSSKYPNCAYKTTQANKHIIVACEGNPYVPVHFDASV,AIB
3uzd,VDREQLVQKARLAEQAERYDDMAAAMKNVTELNEPLSNEERNLLSVAYKNVVGARRSSWRVISSIEQKTSNEKIEMVRAYREKIEKELEAVCQDVLSLLDNYLIKNCSETQYESKVFYLKMKGDYYRYLAEVATGEKRATVVESSEKAYSEAHEISKEHMQPTHPIRLGLALNYSVFYYEIQNAPEQACHLAKTAFDDAIAELDTLNEDSYKDSTLIMQLLRDNLTLWT:SPXLPNITL,SEP
3iqj,GAMGSMERASLIQKAKLAEQAERYEDMAAFMKGAVEKGNLLSVAYKNVVGGQRAAWRVLSSIEQKSNEEGSEEKGPEVREYREKVETELQGVCDTVLGLLDSHLIKEAGDAESRVFYLKMKGDYYRYLAEVATGDDKKRIIDSARSAYQEAMDISKKEMPPTNPIRLGLALNFSVFHYEIANSPEEAISLAKTTFDEAMADLHTLSEDSYKDSTLIMQLLRDNLTLWTEELSXEER:QRSTXTPN,CSO:SEP
3a1h,GPPGPPGPPGXTGPPGPPGPPGP:PPGPPGPPGPPGXTGPPGPPGPPGP:GPPGPPGPPGXTGPPGPPGPPGPP,HYP:HYP:HYP
2wp2,YINTLTNQLQFLQRVVLKALWKHGFSWPFQQPVDAVKLKLPDYYTIIKTPMDLNTIKKRLENKYYEKASECIEDFNTMFSNCYLYNKTGDDIVVMAQALEKLFMQKLSQMPQEE:GXGGXGLGKG,ALY:ALY
2fuu,GPLGSDTKLYCICKTPYDESKFYIGCDRCQNWYHGRCVGILQSEAELIDEYVCPQCQSTEDA:ARTXQTARKSTGGKA,M3L
2lue,GAMGKTFKQRRTFEQRVEDVRLIREQHPTKIPVIIERYKGEKQLPVLDKTKFLVPDHVNMSELIKIIRRRLQLNANQAFFLLVNGHSMVSVSTPISEVYESEKDEDGFLYMVYASQETF:NXXGXXEDXFVEIRMAE,SEP:SEP:SEP:SEP:SEP
1ma3,MEDEIRKAAEILAKSKHAVVFTGAGISAEGLWRKYDPEEVASISGFKRNPRAFWEFSMEMKDKLFAEPNPAHYAIAELERMGIVKAVITQNIDMLHQRAGSRRVLELHGSMDKLDCLDCHETYDWSEFVEDFNKGEIPRCRKCGSYYVKPRVVLFGEPLPQRTLFEAIEEAKHCDAFMVVGSSLVVYPAAELPYIAKKAGAKMIIVNAEPTMADPIFDVKIIGKAGEVLPKIVEEVKRLRSE:RHKXLMFKT,ALY
1v4f,GPXGPXG:XGPXGPX:PXGPXGP,HYP:HYP:HYP:HYP:HYP:HYP:HYP
4ajy,EALAXYIPMDDDFQL:RPVLRSVNSREPSQVIFCNRSPRVVLPVWLNFDGEPQPYPTLPPGTGRRIHSYRGHLWLFRDAGTHDGLLVNQTELFVPSLNVDGQPIFANITLPVYTLKERCLQVVRSLVKPENYRRLDIVRSLYEDLEDHPNVQKDLERLTQERIA,HYP
2npv,ELXVDXL,DLE:DLE
1p13,AEEWYFGKITRRESERLLLNPENPRGTFLVRESETTKGAYCLSVSDFDNAKGLNVKHYKIRKLDSGGFYITSRTQFSSLQQLVAYYSKHADGLCHRLTNVCP:CDXANFK,PTR
1t9e,GRXTKSIPPIXFPD,ABA:ABA
4hcz,RPRLWEGQDVLARWTDGLLYLGTIKKVDSAREVCLVQFEDDSQFLVLWKDISPAALPG:STGGVXKPHR,M3L
2m3m,MEIKLIKGPKGLGFSIAGGVGNQHIPGDNSIYVTKIIEGGAAHKDGKLQIGDKLLAVNNVCLEEVTHEEAVTALKNTSDFVYLKVAKPTGSHHH:XRTRQRNETQV,PCA
1jy9,TTTTRYVEVXGKKILQTTTT,DPR
1ju5,SWYWGRLSRQEAVALLQGQRHGVFLVRDSSTSPGDYVLSVSENSRVSHYIINSSGPRPPVPPSPAQPPPGVSPSRLRIGDQEFDSLPALLEFYKIHYLDTTTLIEPVSR:EPGPXAQPSVNTK,PTR
1f8a,GSHGMADEEKLPPGWEKRMSRSSGRVYYFNHITNASQWERPSEPARVRCSHLLVKHSQSRRPSSWRQEKITRTKEEALELINGYIQKIKSGEEDFESLASQFSDCSSAKARGDLGAFSRGQMQKPFEDASFALRTGEMSGPVFTDSGIHIILRTE:YXPTXPS,SEP:SEP
2h4f,MKMKEFLDLLNESRLTVTLTGAGISTPSGIPDFRGPYSQNVFDIDFFYSHPEEFYRFAKEGIFPMLQAKPNLAHVLLAKLEEKGLIEAVITQNIDRLHQRAGSKKVIELHGNVEEYYCVRCEKKYTVEDVIKKLESSDVPLCDDCNSLIRPNIVFFGENLPQDALREAIGLSSRASLMIVLGSSLVVYPAAELPLITVRSGGKLVIVNLGETPFDDIATLKYNMDVVEFARRVMEEGGIS:SRHKXLMF,ALY
3olr,MASMDQREILQKFLDEAQSKKITKEEFANEFLKLKRQSTKYKADKTYPTTVAEKPKNIKKNRYKDILPYDYSRVELSLITSDEDSSYINANFIKGVYGPKAYIATQGPLSTTLLDFWRMIWEYSVLIIVMACMEYEMGKKKCERYWAEPGEMQLEFGPFSVSCEAEKRKSDYIIRTLKVKFNSETRTIYQFHYKNWPDHDVPSSIDPILELIWDVRCYQEDDSVPICIHSSAGCGRTGVICAIDYTWMLLKDGIIPENFSVFSLIREMRTQRPSLVQTQEQYELVYNAVLELFKRQM:YGEEXDDLY,PTR
2e3k,EQLKHCNGILKELLSKKHAAYAWPFYKPVDASALGLHDYHDIIKHPMDLSTVKRKMENRDYRDAQEFAADVRLMFSNCYKYNPPDHDVVAMARKLQDVFEFRYAKMPD:SGRGXGGKGLGXGGA,ALY:ALY
3p36,CHLSDMLQQLHSVNASKPSERGLVRQEEAEDPACIPIFWVSKWVDYSDKYGLGYQLCDNSVGVLFNDSTRLILYNDGDSLQYIERDGTESYLTVSSHPNSLMKKITLLKYFRNYMSEHLLKAGANITPRRLPYLRTWFRTRSAIILHLSNGSVQINFFQDHTKLILCPLMAAVTYIDEKRDFRTYRLSLLEEYGCCKELASRLRYARTMVDKLLSSR:PPLHSXAX,TPO:NH2
2jkt,MXEIKRLLS:MIRFILIQNRAGKTRLAKWYMQFDDDEKQKLIEEVHAVVTVRDAKHTNFVEFRNFKIIYRRYAGLYFCICVDVNDNNLAYLEAIHNFVEVLNEYFHNVCELDLVFNFYKVYTVVDEMFLAGEIRETSQTKVLKQLLMLQSLE,SEP
3qo2,MGEDVFEVEKILDMKTEGGKVLYKVRWKGYTSDDDTWEPEIHLEDCKEVLLEFRKKIAENK:ARTKQTARXSTGGKA,M3L
1fu5,GMNNNMSLQDAEWYWGDISREEVNEKLRDTADGTFLVRDASTKMHGDYTLTLRKGGNNKSIKIFHRDGKYGFSDPLTFNSVVELINHYRNESLAQYNPKLDVKLLYPVSKY:EEEXMPMEDLXLDIL,PTR:PTR
1tze,MKPHPWFFGKIPRAKAEEMLSKQRHDGAFLIRESESAPGDFSLSVKFGNDVQHFKVLRDGAGKYFLWVVKFNSLNELVDYHRSTSVSRNQQIFLRDIE:KPFXVNVX,PTR:NH2
2cfj,CRKAGVGQSWKENXPLNVS,SEP
2zok,PHSMRYFETAVSRPGLEEPRYISVGYVDNKEFVRFDSDAENPRYEPRAPWMEQEGPEYWERETQKAKGQEQWFRVSLRNLLGYYNQSAGGSHTLQQMSGCDLGSDWRLLRGYLQFAYEGRDYIALNEDLKTWTAADMAAQITRRKWEQSGAAEHYKAYLEGECVEWLHRYLKNGNATLLRTDSPKAHVTHHTLRCWALGFYPADITLTWMELVETRPAGDGTFQKWASVVVQNYCRVYHEGLPEPLTLRWER:XSLWNGPHL,ABA
1sps,AEEWYFGKITRRESERLLLNPENPRGTFLVRESETTKGAYCLSVSDFDNAKGLNVKHYKIRKLDSGGFYITSRTQFSSLQQLVAYYSKHADGLCHRLTNVCPT:PQXEEIP,PTR
3avr,SVSIYPSSAEVLKACRNNSSILLDKCPPPRPPSSPYPPLPKDKLNPPTPSIYLENKRDAFFPPLHQFCTNPNNPVTVIRGLAGALKLDLGLFSTKTLVEANNEHMVEVRTQLLQPADENWDPTGTKKIWHCESNRSHTTIAKYAQYQASSFQESLPFKTIKFGTNIDLSDDKKWKLQLHELTKLPAFVRVVSAGNLLSHVGHTILGMNTVQLYMKVPGSRTPGHQENNNFCSVNINIGPGDCEWFVVPEGYWGVLNDFCEKNNLNFLMGSWWPNLEDLYEANVPVYRFIQRPGDLVWINAGTVHWVQAIGWCNNIAWNVGPLTACQYKLAVERYEWNKLQSVKSIVPMVHLSWNMARNIKVSDPKLFEMIKYCLLRTLKQCQTLREALIAAGKEIIWHGRTKEEPAHYCSICEVEVFDLLFVTNESNSRKTYIVHCQDCARKTSGNLENFVVLEQYKMEDLMQVYDQFTLAPP:RKQLATKAARXSAPATG,M3L
3v7d,NLKRDLITSLPFEISLKIFNYLQFEDIINSLGVSQNWNKIIRKSTSLWKKLLISENFVSPKGFNSLNLKLSQKYPKLSQQDRLRLSFLENIFILKNWYNPKFVPQRTTLRGHMTSVITCLQFEDNYVITGADDKMIRVYDSINKKFLLQLSGHDGGVWALKYAHGGILVSGSTDRTVRVWDIKKGCCTHVFEGHNSTVRCLDIVEYKNIKYIVTGSRDNTLHVWKLPKESSVHDYPLVFHTPEENPYFVGVLRGHMASVRTVSGHGNIVVSGSYDNTLIVWDVAQMKCLYILSGHTDRIYSTIYDHERKRCISASMDTTIRIWDLENGELMYTLQGHTALVGLLRLSDKFLVSAAADGSIRGWDANDYSRKFSYHHTNLSAITTFYVSDNILVSGSENQFNIYNLRSGKLVHANILKDADQIWSVNFKGKTLVAAVEKDGQSFLEILDFS:FNGLTXPQRX,SEP:SEP
3ml4,EAALVEGQVKLRKWKSRWLVLRKPSPVADCLLXLVYKDKCERSKGLRERSSLTLEDICGLEPALPYEGLAHTLAIICLSQAVXLGFDSHEAXCAWDTRIRYALGEVHRFHVTVAPGTKLESGPATLHLCNDILVLARDIPPTVXGQWKLSDLRRYGAVPNGFIFEGGTRCGYWAGVFFLSSAEGEQXSFLFDCIVRGISPTKGPF:LHPNPMXQR,MSE:MSE:MSE:MSE:MSE:PTR
1o9s,GVCWIYYPDGGSLVGEVNEDGEMTGEKIAYVYPDERTALYGKFIDGEMIEGKLATLMSTEEGRPHFELMPGNSVYHFDKSTSSCISTNALLPDPYESERVYVAESLISSAGEGLFSKVAVGPNTVMSFYNGVRITHQEVDSRDWALNGNTLSLDEETVIDVPEPYNHVSKYCASLGHKANHSFTPNCIYDMFVHPRFGPIKCIRTLRAVEADEELTVAYGYDHSPPGKSGPEAPEWYQVELKAFQATQQK:ARTXQTARKY,MLZ
3abn,PPGPPGPPGPPGXDGPPGPPGPPGPPG:PGPPGPPGPPGXDGPPGPPGPPGPP:PPGPPGPPGXDGPPGPPGPPGPPG,HYP:HYP:HYP
3pdh,MKMKEFLDLLNESRLTVTLTGAGISTPSGIPDFYSQNVFDIDFFYSHPEEFYRFAKEGIFPMLQAKPNLAHVLLAKLEEKGLIEAVITQNIDRLHQRAGSKKVIELHGNVEEYYCVRCEKKYTVEDVIKKLESSDVPLCDDCNSLIRPNIVFFGENLPQDALREAIGLSSRASLMIVLGSSLVVYPAAELPLITVRSGGKLVIVNLGETPFDDIATLKYNMDVVEFARRVMEEGGIS:KGQSTSRHKXLMF,PRK
3nf3,MPFVNKQFNYKDPVNGVDIAYIKIPNQMQPVKAFKIHNKIWVIPERDTFTNPEEGDLPPPEAKQVPVSYYDSTYLSTDNEKDNYLKGVTKLFERIYSTDLGRMLLTSIVRGIPFWGGSTIDTELKVIDTNCINVIQPDGSYRSEELNLVIIGPSADIIQFECKSFGHEVLNLTRNGYGSTQYIRFSPDFTFGFEEGKFATDPAVTLAHELIHAGHRLYGIAINPNRVFKVNLEVSFEELRTFGGHDAKFIDSLQENEFRLYYYNKFKDIASTLNKAKSIVGTASLQYMKNVFKEKYLLSEDTSGKFSVDKLKFDKLYKMLTEIYTEDNFVKFFKVLNRKTYLNFDKAVFKINIVPKVNYTIYDGFNLRNTNLAANFNGQNTEINNMNFTKLK:RRFXAMLA,AIB
2d3h,PPGPPGPPGPPGXXGPPGPPGPPG:PPGPPGPPGPPGXXGPPGPPGPPG:PPGPPGPPGPPGXXGPPGPPGPPGP,HYP:HYP:HYP:HYP:HYP:HYP
1mxq,XPSKDAFIGLM,PCA
2nmb,SKPHQWQADEEAVRSATCSFSVKYLGCVEVFESRGMQVCEEALKVLRQSRRRPVRGLLHVSGDGLRVVDDETKGLIVDQTIEKVSFCAPDRNHERGFSYICRDGTTRRWMCHGFLACKDSGERLSHAVGCAFAVCLERKQRRTRAAA:AYIGPXL,PTR
3g7l,ADVYEVEDILADRVNKNGINEYYIKWAGYDWYDNTWEPEQNLFGAEKVLKKWKKR:KQTARXS,M3L
3a08,PPGPPGPPGPPGXXGPPGPPGPP:PPGPPGPPGPPGXXGPPGPPGPP:GPPGPPGPPGXXGPPGPPGPPGP,HYP:HYP:HYP:HYP:HYP:HYP
1fhr,GNGRFLTLKPLPDSIIQESLEIQQGVNPFFIGRSEDCNCKIEDNRLSRVHCFIFKKRHAVGKSMYESPAQGLDDIWYCHTGTNVSYLNNNRMIQGTKFLLQDGDEIKIIWDKNNKFVIGFKVEINDTTGLFNEGLGMLQEQRVVLKQTAEEKDLVKKL:EDIXYLD,PTR
3coj,PQXPTFPEAG:KRMSMVVSGLTPEEFMLVYKFARKHHITLTNLITEETTHVVMKTDAFVCERTLKYFLGIAGGKWVVSYFWVTQSIKERKMLNEHDFEVRGDVVNGRNHQGPKRARESQDRKIFRGLEICCYGPFTNMPTDQLEWMVQLCGASVVKELSSFTLGTGVHPIVVVQPDAWTGFHAIGQMCEAPVVTREWVLDSVALYQCQELDTYLIPQIP,SEP
3cu8,DKNELVQKAKLAEQAERYDDMAACMKSVTEQGAELSNEERNLLSVAYKNVVGARRSSWRVVSSIEQKTEGAEKKQQMAREYREKIETELRDICNDVLSLLEKFLIPNASQAESKVFYLKMKGDYYRYLAEVAAGDDKKGIVDQSQQAYQEAFEISKKEMQPTHPIRLGLALNFSVFYYEILNSPEKACSLAKTAFDEAIAELDTLSEESYKDSTLIMQLLRDNLTLWTS:RSTXTPNVH,SEP
1aot,SIQAEEWYFGKLGRKDAERQLLSFGNPRGTFLIRESETTKGAYSLSIRDWDDMKGDHVKHYKIRKLDNGGYYITTRAQFETLQQLVQHYSERAAGLSSRLVVPSHK:EPQXEEIPIYL,PTR
2l5j,RIHMVYSKRXGKPRGYAFIEY,SEP
4au7,DRVTARELCENDDLATSLVLDPYLGFRTHKMNVSPVPTLRRQHHLRSALEAFLRQRDLEAAFRALTLGGWMAHYFQSRAPRQEAALKTHIFCYLRAFLPESGFTILPCTRYSMETNGAKIVSTRAWKKNEKLELLVGCIAELREEDEDLLRAGENDFSIMYSTRKRSAQLWLGPAAFINHDCKPNCKFVPSDGNTACVKVLRDIEPGDEVTCFYGEGFFGEKNEHCECYTCERKGEGAFRLQP:RHRXVLRDY,MLY
3r93,DVFEVEKILDMKTEGGKVLYKVRWKGYTSDDDTWEPEIHLEDCKEVLLEFRKKIAENK:KQTARXSTGGKA,M3L
2rnw,GSHMSKEPRDPDQLYSTLKSILQQVKSHQSAWPFMEPVKRTEAPGYYEVIRFPMDLKTMSERLKNRYYVSKKLFMADLQRVFTNCKEYNPPESEYYKCANILEKFFFSKIKEAGLIDK:ARTKQTARXSTGGKA,ALY
2h6n,VKPNYALKFTLAGHTKAVSSVKFSPNGEWLASSSADKLIKIWGAYDGKFEKTISGHKLGISDVAWSSDSNLLVSASDDKTLKIWDVSSGKCLKTLKGHSNYVFCCNFNPQSNLIVSGSFDESVRIWDVKTGKCLKTLPAHSDPVSAVHFNRDGSLIVSSSYDGLCRIWDTASGQCLKTLIDDDNPPVSFVKFSPNGKYILAATLDNTLKLWDYSKGKCLKTYTGHKNEKYCIFANFSVTGGKWIVSGSEDNLVYIWNLQTKEIVQKLQGHTDVVISTACHPTENIIASAALENDKTIKLWKSDC:ARTXQTAR,MLY
2ci9,GPLGSPWYYGKVTRHQAEMALNERGHEGDFLIRDSESSPNDFSVSLKAQGKNKHFKVQLKETVYCIGQRKFSTMEELVEHYKKAPIFTSEQGEKLYLVKHLS:HIXDEVAAD,PTR
1yvh,PGTVDKKMVEKCWKLMDKVVRLCQNPKLALKNSPPYILDLLPDTYQHLRTILSRYEGKMETLGENEYFRVFMENLMKKTKQTISLFKEGKERMYEENSQPRRNLTKLSLIFSHMLAELKGIFPSGLFQGDTFRITKADAAEFWRKAFGEKTIVPWKSFRQALHEVHPISSGLEAMALKSTIDLTCNDYISVFEFDIFTRLFQPWSSLLRNWNSLAVTHPGYMAFLTYDEVKARLQKFIHKPGSYIFRLSCTRLGQWAIGYVTADGNILQTIPHNKPLFQALIDGFREGFYLFPDGRNQNPDLTG:RAVENQXSF,PTR
1n0x,EIVLTQSPGTLSLSPGERATFSCRSSHSIRSRRVAWYQHKPGQAPRLVIHGVSNRASGISDRFSGSGSGTDFTLTITRVEPEDFALYYCQVYGASSYTFGQGTKLERKRTVAAPSVFIFPPSDEQLKSGTASVVCLLNNFYPREAKVQWKVDNALQSGNSQESVTEQDSKDSTYSLSSTLTLSKADYEKHKVYACEVTHQ:HERSYMFSDLENRCIAAEXK,ORN
1mw4,GSPASGTSLSAAIHRTQLWFHGRISREESQRLIGQQGLVDGLFLVRESQRNPQGFVLSLCHLQKVKHYLILPSEEEGRLYFSMDDGQTRFTDLLQLVEFHQLNRGILPCLLRHCCTRVAL:PQPEXVNQPD,PTR
1a81,SANHLPFFFGNITREEAEDYLVQGGMSDGLYLLRQSRNYLGGFALSVAHGRKAHHYTIERELNGTYAIAGGRTHASPADLCHYHSQESDGLVCLLKKPFNRPQGVQPKTPQLEKLIATTAHEKMPWFHGKISREESEQIVLIGSKTNGKFLIRARDNNGSYALCLLHEGKVLHYRIDKDKTGKLSIPEGKKFDTLWQLVEHYSYKADGLLRVLTVPCQKI:PDXEPIRKGQRDLXSGLN,PTR:PTR
3kmt,MFNDRVIVKKSPLGGYGVFARKSFEKGELVEECLCIVRHNDDWGTALEDYLFSRKNMSAMALGFGAIFNHSKDPNARHELTAGLKRMRIFTIKPIAIGEEITISYGDDYWLSRPRLTQN:ARXSAPAT,MLZ
2lo6,MQQDDDFQNFVATLESFKDLKSGISGSRIKKLTTYALDHIDIESKIISLIIDYSRLCPDSHKLGSLYIIDSIGRAYLDETRSNSNSSSNKPGTCAHAINTLGEVIQELLSDAIAKSNQDHKEKIRMLLDIWDRSGLFQKSYLNAIRSKCFAMDL:YSPTXPSYSPTXPS,SEP:SEP
3a0m,PPGPPGPPGPPGXVGPPGPPGPPGPP:PPGPPGPPGXVGPPGPPGPPGPPG:GPPGPPGPPGXVGPPGPPGPPGPPG,HYP:HYP:HYP
3bux,NESVDXRA,PTR
2ght,QYLLPEAKAQDSDKICVVINLDETLVHSSFKPVNNADFIIPVEIDGVVHQVYVLKRPHVDEFLQRMGELFECVLFTASLAKYADPVADLLDKWGAFRARLFRESCVFHRGNYVKDLSRLGRDLRRVLILDNSPASYVFHPDNAVPVASWFDNMSDTELHDLLPFFEQLSRVDDVYSVLRQ:SPTXP,SEP
4gl9,LKTFSSKSEYQLVVNAVRKLQESGFYWSAVTGGEANLLLSAEPAGTFLIRDSSDQRHFFTLSVKTQSGTKNLRIQCEGGSFSLQSDPRSTQPVPRFDCVLKLVHHYMAYYIYKIPLVLSRPLSS:VEXSTVVH,PTR
3u5n,DDPNEDWCAVCQNGGDLLCCEKCPKVFHLTCHVPTLLSFPSGDWICTFCRDIGKPEVEYDCDAQGLSPVDQRKCERLLLYLYCHELSIEFQEPVPASIPNYYKIIKKPMDLSTVKKKLQKKHSQHYQIPDDFVADVRLIFKNCERFNEMMKVVQKADSEVAQAGKAVALYFEDKLTEIYSDRTFA:ARTKQTARXS,M3L
3qzs,SVLTPLTEKDYEGLKRVLRSLQAHKMAWPFLEPVDPNDAPDYYGVIKEPMDLATMEERVQRRYYEKLTEFVADMTAIFDNCRYYNPSDSPFYQCAEVLESFFVQKLKGFKA:GAXRHRKV,ALY
2rje,WSWESYLEEQKAITAPVSLFQDSQAVTHNKNGFKLGMKLEGIDPQHPSMYFILTVAEVCGYRLRLHFDGYSECHDFWVNANSPDIHPAGWFEKTGHKLQPPKGYFSWSQYLRSTRAQAAPKHLFVSQSHSPPPLGFQVGMKLEAVDRMNPSLVCVASVTDVVDSRFLVHFDNWDDTYDYWCDPSSPYIHPVGWCQKQGKPLTPPQDYPDPDNFCWEKYLEETGASAVPTWAFKVRPPHSFLVNMKLEAVDRRNPALIRVASVEDVEDHRIKIHFDGWSHGYDFWIDADHPDIHPAGWCSKTGHPLQPPL:HRXVLRDN,MLY
4llb,HMLELPHEKDKPVAEPIPICSFCLGTKEQNREKKPEELISCADCGNSGHPSCLKFSPELTVRVKALRWQCIECKTCSSCRDQGKNADNMLFCDSCDRGFHMECCDPPLTRMPKGMWICQICRP:ARTKQTARKSTGGXA,ALY
3wp1,KKSLRQXFRRMR:YARPIIILGPTKDRANDDLLSEFPDKFGSCVPHTTRPKREYEIDGRDYHFVSSREKMEKDIQAHKFIEAGQYNSHLYGTSVQSVREVAEQGKHCILDVSANAVRRLQAAHLHPIAIFIRPRSLENVLEINKRITEEQARKAFDRATKLEQEFTECFSAIVEGDSFEEIYHKVKRVIEDLS,SEP
3q1i,CHLSDMLQQLHSVNASKPSERGLVRQEEAEDPACIPIFWVSKWVDYSDKYGLGYQLCDNSVGVLFNDSTRLILYNDGDSLQYIERDGTESYLTVSSHPNSLMKKITLLKYFRNYMSEHLLKAGANITPRLPYLRTWFRTRSAIILHLSNGSVQINFFQDHTKLILCPLMAAVTYIDEKRDFRTYRLSLLEEYGCCKELASRLRYARTMVDKLLSSR:PPPMSXMX,SEP:NH2
2rfi,VERIVSRDIARGYERIPIPCVNAVDSEPCPSNYKYVSQNCVTSPMNIDRNITHLQYCVCIDDCSSSNCMCGQLSMRCWYDKDGRLLPEFNMAEPPLIFECNHACSCWRNCRNRVVQNGLRARLQLYRTRDMGWGVRSLQDIPPGTFVCEYVGELISDSEADVREEDSYLFDLDNKDGEVYCIDARFYGNVSRFINHHCEPNLVPVRVFMAHQDLRFPRIAFFSTRLIEAGEQLGFDYGERFWDIKGKLFSCRCGSPKCRHS:KQTARXST,MLY
1umw,HLSDMLQQLHSVNASKPSERGLVRQEEAEDPACIPIFWVSKWVDYSDKYGLGYQLCDNSVGVLFNDSTRLILYNDGDSLQYIERDGTESYLTVSSHPNSLMKKITLLKYFRNYMSEHLLKAGANITPREGDELARLPYLRTWFRTRSAIILHLSNGSVQINFFQDHTKLILCPLMAAVTYIDEKRDFRTYRLSLLEEYGCCKELASRLRYARTMVDKLLSSRS:PMQSXPL,TPO
2vif,SMVQSSLTEELKKLAKQGWYWGPITRWEAEGKLANVPDGSFLVRDSSDDRYLLSLSFRSHGKTLHTRIEHSNGRFSFYEQPDVEGHTSIVDLIEHSIGDSENGAFCYSRSRLPGSATYPVRLTNPVSRFMQ:NNXVYIDPT,PTR
1i8g,EQPLXPVTDL:KLPPGWEKRMSRSSGRVYYFNHITNASQWERPSGNSSSG,TPO
2cef,CRKAGVGQXWKENXPLNVS,SEP:SEP
2od2,MASMSVSTASTEMSVRKIAAHMKSNPNAKVIFMVGAGISTSCGIPDFRSPGTGLYHNLARLKLPYPEAVFDVDFFQSDPLPFYTLAKELYPGNFRPSKFHYLLKLFQDKDVLKRVYTQNFDTLERQAGVKDDLIIEAHGSFAHCHCIGCGKVYPPQVFKSKLAEHPIKDFVKCDVCGELVKPAIVFFGEDLPDSFSETWLNDSEWLREKITTQQPLVIVVGTSLAVYPFASLPEEIPRKVKRVLCNLETVGDFKANKRPTDLIVHQYSDEFAEQLVEELGWQEDFEKILTA:KGGAXRH,ALY
2lb3,KLPPGWEKRMSRSSGRVYYFNHITNASQWERPSGNS:IPEXPPPG,TPO
4bl0,MQIVQIEQAPKDYISDIKIIPSKSLLLITSWDGSLTVYKFDIQAKNVDLLQSLRYKHPLLCCNFIDNTDLQIYVGTVQGEILKVDLIGSPSFQALTNNEANLGICRICKYGDDKLIAASWDGLIEVIDPRNYGDGVIAVKNLNSNNTKVKNKIFTMDTNSSRLIVGMNNSQVQWFRLPLCEDDNGTIEESGLKYQIRDVALLPKEQEGYACSSIDGRVAVEFFSKRFAFRCHRLNLKDTNLAYPVNSIEFSPRHKFLYTAGSDGIISCWNLQTRKKIKNFAKFNEDSVVKIACSDNILCLATSDDTFKTNAAIDQTIELNASSIYIIFDYE:NPVYKLINTPGRKPERIVFNFNLIYPENDEEFNTEEILAMIKGLY:PTSMEMXEVFPR,TPO
4bg6,MDKNELVQKAKLAEQAERYDDMAACMKSVTEQGAELSNEERNLLSVAYKNVVGARRSSWRVVSSIEQKTEKKQQMAREYREKIETELRDICNDVLSLLEKFLIPNASQAESKVFYLKMKGDYYRYLAEVAAGDDKKGIVDQSQQAYQEAFEISKKEMQPTHPIRLGLALNFSVFYYEILNSPEKACSLAKTAFDEAIAELDTLSEESYKDSTLIMQLLRDNLTLWTSD:KDKAKXC,SEP
2zsw,GPHSLRYFVTAVSRPGLGEPRYMEVGYVDDTEFVRFDSDAENPRYEPRARWMEQEGPEYWERETQKAKGNEQSFRVDLRTLLGYYNQSKGGSHTIQVISGCEVGSDGRLLRGYQQYAYDGCDYIALNEDLKTWTAADMAALITKHKWEQAGEAERLRAYLEGTCVEWLRRYLKNGNATLLRTDSPKAHVTHHSRPEDKVTLRCWALGFYPADITLTWQLNGEELIQDMELVETRPAGDGTFQKWASVVVPLGKEQYYTCHVYHQGLPEPLTLRWEPP:RXYIFANI,ABA
3buw,SFNPXEPEL,PTR
3g2t,PETLEARINRATNPLNKELDWASINGFCEQLNEDFEGPPLATRLLAHKIQSPQEWEAIQALTVLETCMKSCGKRFHDEVGKFRFLNELIKVVSPKYLGSRTSEKVKNKILELLYSWTVGLPEEVKIAEAYQMLKKQGIVK:XDDVPMVIA,SEP
2qqs,QSITAGQKVISKHKNGRFYQCEVVRLTTETFYEVNFDDGSFSDNLYPEDIVSQDCLQFGPPAEGEVVQVRWTDGQVYGAKFVASHPIQMYQVEFEDGSQLVVKRDDVYT:RHRXVLR,M3L
3lqi,SGNFCPLCDKCYDDDDYESKMMQCGKCDRWVHSKCENLSDEMYEILSNLPESVAYTCVNCTERHPAEWRLALEKELQISLKQVLTALLNSRTTSHLLRYRQQPLDLEGVKRKMDQGNYTSVLEFSDDIVKIIQAAINSDGGQPEIKKANSMVKSFFIRQMERVFPWFSVKKSRFWE:ARTXQT,MLY
2lax,DVPLPAGWEMAKTSSGQRYFLNHIDQTTTWQDPRKA:SXYPHXPTS,TPO:SEP
4n4i,NKQEMGTYLRFIVSRMKERAIDLVDVPTIQEKVNEGKYRSYEEFKADAQLLLHNTVIFYGAASAQADIARMLYKDTCHELDELQLCKNCFYLSNARPDNWFCYPCIPNHELVWAKMKGFGFWPAKVMQKEDNQVDVRFFGHHHQRAWIPSENIQDITVNVHRLHVKRSMGWKKACDELELHQRFLREGRFWK:APSTGGVXKPH,M3L
3nti,ELHNCVVVQFDGPMSFYVQMESDVPALEQMTDKLLDAEQDLPAFSDLKEGALCVAQFPEDEVFYRAQIRKVLDDGKCEVHFIDFGNNAVTQQFRQLPEELAKPARYSRHCELDASTISAALLQSFIDTRFSETFQVEILATKGTGTHVVRLFYQSKNISEKLQ:RGRGXGR,2MR
4bkl,QVQLQQSGAELAKPGTSVKMSCKASGYTFISYWMNWVKQRPGQGLEWIGAINPSDGYTEYNQKFKDKAIMTADRSSSTAYMQLSSLTSEDSALYYCARYGGYFDYWGQGTTLTVSSAKTTPPSVYPLAPGCGDTTGSSVTLGCLVKGYFPESVTVTWSSGSLSSSVHTFPALLQSGLYTMSSSVTVPSSTWPSQTVTCSVAHPASSTTVDKKLEPS:DIVLTQSPASLAVSLGQRATISCRASESVEYFGTSLMQWYQQKPGQPPKLLIYAASNVESGVPARFSGSGSGTDFSLNIHPVEEDDIAMYFCQQSREVPYTFGGGSKLEIKRADAAPTVSIFPPSSEQLTSGGASVVCFLNNFYPKDINVKWKIDGSERQNGVLNSWTDQDSKDSTYSMSSTLTLTKDEYERHNSYTCEATHKTSTSPIVKSFNRN:PXGPXGMXGERGAAGIAGPKGPXGP:XGPXGPXGMXGERGAAGIAGPKGPXG:GPXGPXGMXGERGAAGIAGPKGPXG,HYP:HYP:HYP:HYP:HYP:HYP:HYP:HYP:HYP:HYP:HYP:HYP:HYP
3i90,RVFAAESIIKRRIRKGRIEYLVKWKGWAIKYSTWEPEENILDSRLIAAFE:QLATKAARXSA,M3L
2x4w,DSPLDALDLVWAKCRGYPSYPALIIDPKMPREGMFHHGVPIPVPPLEVLKLGEQMTQEAREHLYLVLFFDNKRTWQWLPRTKLVPLGVNQDLDKEKMLEGRKSNIRKSVQIAYHRALQHRSKVQG:SAPATGGVXKPHR,M3L
1v50,KISSPTEXERCIESLIA,TPO
1qg1,GSHPWFFGKIPRAKAEEMLSKQRHDGAFLIRESESAPGDFSLSVKFGNDVQHFKVLRDGAGKYFLWVVKFNSLNELVDYHRSTSVSRNQQIFLRDIEQVPQQPT:DDPSXVNVQNLDK,PTR
2jnd,YCHRTTIGNFSGPYTYCNTTLDQIGTCWPQSAPGALVERPCPEYFNGIKYNTTRNAYRECLENGTWASRVNYSHCEPIL:LAQEAHKNRKLXEII,NLE
2l11,GEFVVEKVLDRRVVNGKVEYFLKWKGFTDADNTWEPEENLDCPELIEAFLNSQK:ARTKQTARXSTGGKA,M3L
4lka,HMLELPHEKDKPVAEPIPICSFCLGTKEQNREKKPEELISCADCGNSGHPSCLKFSPELTVRVKALRWQCIECKTCSSCRDQGKNADNMLFCDSCDRGFHMECCDPPLTRMPKGMWICQICRPRKK:ARTKQTARXSTG,ALY
3da9,ADCGLRPLFEKKSLEDKTERELLESYI:IVEGSDAEIGMSPWQVMLFRKSPQELLCGASLISDRWVLTAAHCLLYPPWDKNFTENDLLVRIGKHSRTRYERNIEKISMLEKIYIHPRYNWRENLDRDIALMKLKKPVAFSDYIHPVCLPDRETAASLLQAGYKGRVTGWGNLKETGQPSVLQVVNLPIVERPVCKDSTRIRITDNMFCAGYKPDEGKRGDACEGDSGGPFVMKSPFNNRWYQMGIVSWGEGCDRDGKYGFYTHVFRLKKWIQKVIDQFG:DFEEIPGEX,PTR
3al3,KQYIFQLSSLNPQERIDYCHLIEKLGGLVIEKQCFDPTCTHIVVGHPLRNEKYLASVAAGKWVLHRSYLEACRTAGHFVQEEDYEWGSSSILDVLTGINVQQRRLALAAMRWRKKIQQRQESGIVEGAFSGWKVILHVDQSREAGFKRLLQSGGAKVLPGHSVPLFKEATHLFSDLGVNIAEAAAQNVYCLRTEYIADYLMQESPPHVENYCLPEAIS:SIYFXPELYD,TPO
2v89,SPEFGYWITCCPTCDVDINTWVPFYSTELNKPAMIYCSHGDGHWVHAQCMDLEERTLIHLSEGSNKYYCNEHVQIARA:ARTXQTAAKA,M3L
2m2x,GVXRXVXRRGVXRXVXRR,ABA:ABA:ABA:ABA:ABA:ABA
1yc5,MKMKEFLDLLNESRLTVTLTGAGISTPSGIPDFQNVFDIDFFYSHPEEFYRFAKEGIFPMLQAKPNLAHVLLAKLEEKGLIEAVITQNIDRLHQRAGSKKVIELHGNVEEYYCVRCEKKYTVEDVIKKLESSDVPLCDDCNSLIRPNIVFFGENLPQDALREAIGLSSRASLMIVLGSSLVVYPAAELPLITVRSGGKLVIVNLGETPFDDIATLKYNMDVVEFARRVMEEGGI:KGQSTSRHKXLMF,ALY
2rny,GSHMRKKIFKPEELRQALMPTLEALYRQDPESLPFRQPVDPQLLGIPDYFDIVKNPMDLSTIKRKLDTGQYQEPWQYVDDVWLMFNNAWLYNRKTSRVYKFCSKLAEVFEQEIDPVMQSLG:GGAKRHRXVLRDNIQ,ALY
4nw2,EFETIERFMDCRIGRKGATGATTTIYAVEADGDPNAGFEKNKEPGEIQYLIKWKGWSHIHNTWETEETLKQQNVRGMKKLDNYKKKDQETKRWLKNASPEDVEYYNCQQELTDDLHKQYQIVERIIAHSNQKSAAGYPDYYCKWQGLPYSECSWEDGALISKKFQACIDEYFS:PKQKRRTARSXV,M3L
2os2,LNPSARIMTFYPTMEEFRNFSRYIAYIESQGAHRAGLAKVVPPKEWKPRASYDDIDDLVIPAPIQQLVTGQSGLFTQYNIQKKAMTVREFRKIANSDKYCTPRYSEFEELERKYWKNLTFNPPIYGADVNGTLYEKHVDEWNIGRLRTILDLVEKESGITIEGVNTPYLYFGMWKTSFAWHTEDMDLYSINYLHFGEPKSWYSVPPEHGKRLERLAKGFFPGSAQSCEAFLRHKMTLISPLMLKKYGIPFDKVTQEAGEFMITFPYGYHAGFNHGFNCAESTNFATRRWIEYGKQAVLCSCRKDMVKISMDVFVRKFQPERYKLWKAGKDNTVIDHTLPTPEAAEFL:STGGVXKPHRY,M3L
2h2h,MKMKEFLDLLNESRLTVTLTGAGISTPSGIPDFNVFDIDFFYSHPEEFYRFAKEGIFPMLQAKPNLAHVLLAKLEEKGLIEAVITQNIDRLHQRAGSKKVIELHGNVEEYYCVRCEKKYTVEDVIKKLESSDVPLCDDCNSLIRPNIVFFGENLPQDALREAIGLSSRASLMIVLGSSLVVYPAAELPLITVRSGGKLVIVNLGETPFDDIATLKYNMDVVEFARRVMEEGGIS:AKRXTVT,ALY
2mjv,SPAQGXRGXKSA:KDVPDSQQHPAPEKSSKVSEQLKCCSGILKEMFAKKHAAYAWPFYKPVDVEALGLHDYCDIIKHPMDMSTIKSKLEAREYRDAQEFGADVRLMFSNCYKYNPPDHEVVAMARKLQDVFEMRFAKMPDE,ALY:ALY
2c1j,MDKNELVQKAKLAEQAERYDDMAACMKSVTEQGAELSNEERNLLSVAYKNVVGARRSSWRVVSSIEQKTEGAEKKQQMAREYREKIETELRDICNDVLSLLEKFLIPNASQAESKVFYLKMKGDYYRYLAEVAAGDDKKGIVDQSQQAYQEAFEISKKEMQPTHPIRLGLALNFSVFYYEILNSPEKACSLAKTAFDEAIAELDTLSEESYKDSTLIMQLLRDNLTLWTS:ARXXTGGK,ALY:SEP
2lkj,KLGFFKRQYKDMMXEGGPPGAEPQ,SEP
3d4b,MKMKEFLDLLNESRLTVTLTGAGISTPSGIPDFNVFDIDFFYSHPEEFYRFAKEGIFPMLQAKPNLAHVLLAKLEEKGLIEAVITQNIDRLHQRAGSKKVIELHGNVEEYYCVRCEKKYTVEDVIKKLESSDVPLCDDCNSLIRPNIVFFGENLPQDALREAIGLSSRASLMIVLGSSLVVYPAAELPLITVRSGGKLVIVNLGETPFDDIATLKYNMDVVEFARRVMEEGGI:TSRHKXLMA,ALY
3pxe,NKRMSMVVSGLTPEEFMLVYKFARKHHITLTNLITEETTHVVMKTDAEFVCERTLKYFLGIAGGKWVVSYFWVTQSIKERKMLNEHDFEVRGDVVNGRNHQGPKRARESQDRKIFRGLEICCYGPFTNMPTDQLEWMVQLCGASVVKELSSFTLGVHPIVVVQPDAWTEDNGFHAIGQMCEAPVVTRKWVLDSVALYQCQELDTYLIPQIP:STXPTFN,SEP
3ob1,RNTNEXXEGP:MVEKCWKLMDKVVRLCQNPKLALKNSPPYILDLLPDTYQHLRTILSRYEGKMETLGENEYFRVFMENLMKKTKQTISLFKEGKERMYEENSQPRRNLTKLSLIFSHMLAELKGIFPSGLFQGDTFRITKADAAEFWRKAFGEKTIVPWKSFRQALHEVHPISSGLEAMALKSTIDLTCNDYISVFEFDIFTRLFQPWSSLLRNWNSLAVTHPGYMAFLTYDEVKARLQKFIHKPGSYIFRLSCTRLGQWAIGYVTADGNILQTIPHNKPLFQALIDGFREGFYLFPDGRNQNPDLT,PTR:TPO
2cez,CRKAGVGQXWKENSPLNVS,SEP
3u4s,LNPSARIMTFYPTMEEFRNFSRYIAYIESQGAHRAGLAKVVPPKEWKPRASYDDIDDLVIPAPIQQLVTGQSGLFTQYNIQKKAMTVREFRKIANSDKYCTPRYSEFEELERKYWKNLTFNPPIYGADVNGTLYEKHVDEWNIGRLRTILDLVEKESGITIEGVNTPYLYFGMWKTSFAWHTEDMDLYSINYLHFGEPKSWYSVPPEHGKRLERLAKGFFPGSAQSCEAFLRHKMTLISPLMLKKYGIPFDKVTQEAGEFMITFPYGYHAGFNHGFNCAESTNFATRRWIEYGKQAVLCSCRKDMVKISMDVFVRKFQPERYKLWKAGKDNTVIDHTLPTPEAAE:ARXSCGGK,M3L
1py1,ETLEARINRATNPLNKELDWASINGFCEQLNEDFEGPPLATRLLAHKIQSPQEWEAIQALTVLETCMKSCGKRFHDEVGKFRFLNELIKVVSPKYLGSRTSEKVKNKILELLYSWTVGLPEEVKIAEAYQMLKKQGIVKSDP:DDIXLLK,SEP
4fj3,DKNELVQKAKLAEQAERYDDMAACMKSVTEQGAELSNEERNLLSVAYKNVVGARRSSWRVVSSIEQKTEKKQQMAREYREKIETELRDICNDVLSLLEKFLIPNASQAESKVFYLKMKGDYYRYLAEVAAGDDKKGIVDQSQQAYQEAFEISKKEMQPTHPIRLGLALNFSVFYYEILNSPEKACSLAKTAFDEAIAELSYKDSTLIMQLLRDNLTLWTS:HRYXTPRSTXTPNV,SEP:SEP
1ywt,MERASLIQKAKLAEQAERYEDMAAFMKGAVEKGEELSCEERNLLSVAYKNVVGGQRAAWRVLSSIEQKSPEVREYREKVETELQGVCDTVLGLLDSHLIKEAGDAESRVFYLKMKGDYYRYLAEVATGDDKKRIIDSARSAYQEAMDISKKEMPPTNPIRLGLALNFSVFHYEIANSPEEAISLAKTTFDEAMADLHTLSEDSYKDSTLIMQLLRDNLTLWT:MARSHXYPA,SEP
1d4w,MDAVAVYHGKISRETGEKLLLATGLDGSYLLRDSESVPGVYCLCVLYHGYIYTYRVSQTETGSWSAETAPGVHKRYFRKIKNLISAFQKPDQGIVIPLQYPVEK:SLTIXAQVQK,PTR
3zni,QAAADRRTVEKTWKLMDKVVRLCQNPKLQLKNSPPYILDILPDTYQHLRLILSKYDDNQKLAQLSENEYFKIYIDSLMKKSKRAIRLFKEGKERMYEEQSQDRRNLTKLSLIFSHMLAEIKAIFPNGQFQGDNFRITKADAAEFWRKFFGDKTIVPWKVFRQCLHEVHQISSGLEAMALKSTIDLTCNDYISVFEFDIFTRLFQPWGSILRNWNFLAVTHPGYMAFLTYDEVKARLQKYSTKPGSYIFRLSCTRLGQWAIGYVTGDGNILQTIPHNKPLFQALIDGSREGFYLYPDGRSYNPDLTGLCEPTPHDHIKVTQEQFELXCEMGSTFQLCKICAENDKDVKIEPCGHLMCTSCLTAWQESDGQGCPFCRCEIKGTEPIIVDPFD:SDGXTPEPA,PTR:PTR
1aya,MRRWFHPNITGVEAENLLLTRGVDGSFLARPSKSNPGDFTLSVRRNGAVTHIKIQNTGDYYDLYGGEKFATLAELVQYYMEHHGQLKEKNGDVIELKYPLN:SVLXTAVQP,PTR
2y5t,QVQLQQPGADLVRPGVSVKLSCKASGYTFTSYWMNWVKQRPGQGLEWIGMIHPSDSETRLSQKFKDKATLTVDKSSSTAYMQLSSPTSEDSAVYYCARLKPGGTWFAYWGQGTLVTVSAAKTTAPSVYPLAPVCGDTTGSSVTLGCLVKGYFPEPVTLTWNSGSLSSGVHTFPAVLQSDLYTLSSSVTVTSSTWPSQSITCNVAHPASSTKVDKKIEPRGPT:DIVLTQSPASLTVSLGQRATISCRASKSVDSYGNSFMEWYQQKPGQPPKLLIYRASNLESGIPARFSGSGSRTDFTLTINPVEADDVATYYCQQSNEDPYTFGGGTKLEIKRADAAPTVSIFPPSSEQLTSGGASVVCFLNNFYPKDINVKWKIDGSERQNGVLNSWTDQDSKDSTYSMSSTLTLTKDEYERHNSYTCEATHKTSTSPIVKSFNRNEC:XGPXGPXGPXGARGLTGRXGDAGPXG:XGPXGPXGPXGARGLTGRXGDAGPXGP:GPXGPXGPXGPXGARGLTGRXGDA,HYP:HYP:HYP:HYP:HYP:HYP:HYP:HYP:HYP:HYP:HYP:HYP:HYP:HYP:HYP:HYP:HYP
4bu0,SKPLKGFVICCTSIDLKQRTEISTKATKLGAAYRSDFTKDVTHLIAGDFDTPKYKFAAKSRPDIKIMSSEWIPVLYESWVQGEDLDDGLLVDKHLLPTLFKCRVCLTNIGQPERSRIENYVLKHGGTFCPDLTRDVTHLIAGTSSGRKYEYALKWKINVVCVEWLWQSIQRNAVLEPQYFQL:GYGEVLVPEXVAQHRT,TPO
2v7d,GSMDKNELVQKAKLAEQAERYDDMAACMKSVTEQGAELSNEERNLLSVAYKNVVGARRSSWRVVSSIEQKAEKKQQMAREYREKIETELRDICNDVLSLLEKFLIPNASQAESKVFYLKMKGDYYRYLAEVAAGDDKKGIVDQSQQAYQEAFEISKKEMQPTHPIRLGLALNFSVFYYEILNSPEKACSLAKTAFDEAIAELDTLSEESYKDSTLIMQLLRDNLTLWTS:KSAXTTVM,TPO
2lb2,GLPSGWEERKDAKGRTYYVNHNNRTTTWTRPIMQL:EXPPPGYLSEDG,TPO
3fqr,GSHSMRYFFTSVSRPGRGEPRFIAVGYVDDTQFVRFDSDAASQRMEPRAPWIEQEGPEYWDGETRKVKAHSQTHRVDLGTLRGYYNQSEAGSHTVQRMYGCDVGSDWRFLRGYHQYAYDGKDYIALKEDLRSWTAADMAAQTTKHKWEAAHVAEQLRAYLEGTCVEWLRRYLENGKETLQRTDAPKTHMTHHAVSDHEATLRCWALSFYPAEITLTWQRDGEDQTQDTELVETRPAGDGTFQKWAAVVVPSGQEQRYTCHVQHEGLPKPLTLRWE:YLDXGIHSGA,SEP
2k17,GSHMAMAYVIRDEWGNQIWICPGCNKPDDGSPMIGCDDCDDWYHWPCVGIMAAPPEEMQWFCPKCANKIKKDKKH:ARTXQTARKSTGG,M3L
2ot7,TLNPSARIMTFYPTMEEFRNFSRYIAYIESQGAHRAGLAKVVPPKEWKPRASYDDIDDLVIPAPIQQLVTGQSGLFTQYNIQKKAMTVREFRKIANSDKYCTPRYSEFEELERKYWKNLTFNPPIYGADVNGTLYEKHVDEWNIGRLRTILDLVEKESGITIEGVNTPYLYFGMWKTSFAWHTEDMDLYSINYLHFGEPKSWYSVPPEHGKRLERLAKGFFPGSAQSCEAFLRHKMTLISPLMLKKYGIPFDKVTQEAGEFMITFPYGYHAGFNHGFNCAESTNFATRRWIEYGKQAVLCSCRKDMVKISMDVFVRKFQPERYKLWKAGKDNTVIDHTLPTPEAAEFLK:ARXSTGGX,MLZ:ALY
4jqi,TRVFKKASPNGKLTVYLGKRDFVDHIDLVDPVDGVVLVDPEYLKERRVYVTLTCAFRYGREDLDVLGLTFRKDLFVANVQSFPPAPEDKKPLTRLQERLIKKLGEHAYPFTFEIPPNLPCSVTLQPGPEDTGKACGVDYEVKAFCAENLEEKIHKRNSVRLVIRKVQYAPERPGPQPTAETTRQFLMSDKPLHLEASLDKEIYYHGEPISVNVHVTNNTNKTVKKIKISVRQYADICLFNTAQYKCPVAMEEADDTVAPSSTFCKVYTLTPFLANNREKRGLALDGKLKHEDTNLASSTLLREREILGIIVSYKVKVKLVVSRGGLLGDLASSDVAVELPFTLMHPKPKEEPP:RXPPXLGPEXCXXAXXXLAKD,TPO:SEP:SEP:TPO:TPO:SEP:SEP:SEP
4jxt,SAFSEAALEKKLSELSNSQQSVQTLSLWLIHHRKHSRPIVTVWERELRKAKPNRKLTFLYLANDVIQNSKRKGPEFTKDFAPVIVEAFKHVSSETDESCKKHLGRVLSIWEERSVYENDVLEQLKQALYGD:PXYSPTSPXYS,SEP:SEP
2lb0,ELPEGYEQRTTVQGQVYFLHTQTGVSTWHDPRI:TSXDPGXPFQ,SEP:SEP
4bj3,LIDVVVVCDESNSIYPWDAVKNFLEKFVQGLDIGPTKTQVGLIQYANNPRVVFNLNTYKTKEEMIVATSQTSQYGGDLTNTFGAIQYARKYAYSAASGGRRSATKVMVVVTDGESHDGSMLKAVIDQCNHDNILRFGIAVLGYLNRNALDTKNLIKEIKAIASIPTERYFFNVSDWAALLEKA:IDVVVVCDESNSIYPWDAVKNFLEKFVQGLDIGPTKTQVGLIQYANNPRVVFNLNTYKTKEEMIVATSQTSQYGGDLTNTFGAIQYARKYAYSAASGGRRSATKVMVVVTDGESHDGSMLKAVIDQCNHDNILRFGIAVLGYLNRNALDTKNLIKEIKAIASIPTERYFFNVSDWAALLF:GPXGPXGFXGERGPXGPX:GPXGPXGFXGERGPXGPX:GPXGPXGFXGERGPXGPX,HYP:HYP:HYP:HYP:HYP:HYP:HYP:HYP:HYP:HYP:HYP:HYP:HYP:HYP:HYP
1ayb,RRWFHPNITGVEAENLLLTRGVDGSFLARPSKSNPGDFTLSVRRNGAVTHIKIQNTGDYYDLYGGEKFATLAELVQYYMEHHGQLKEKNGDVIELKYPLN:GEXVNIEF,PTR
2laj,QSFLPPGWEMRIAPNGRPFFYDHNTKTTTWEDPRLKFPVH:AGXPNLXPNP,SEP:SEP
3fqu,GSHSMRYFFTSVSRPGRGEPRFIAVGYVDDTQFVRFDSDAASQRMEPRAPWIEQEGPEYWDGETRKVKAHSQTHRVDLGTLRGYYNQSEAGSHTVQRMYGCDVGSDWRFLRGYHQYAYDGKDYIALKEDLRSWTAADMAAQTTKHKWEAAHVAEQLRAYLEGTCVEWLRRYLENGKETLQRTDAPKTHMTHHAVSDHEATLRCWALSFYPAEITLTWQRDGEDQTQDTELVETRPAGDGTFQKWAAVVVPSGQEQRYTCHVQHEGLPKPLTLRWE:GLLGXPVRA,SEP
2vpe,MAVYPCGICTNEVNDDQDAILCEASCQKWFHRICTGMTETAYGLLTAEASAVWGCDTCMAD:GAMVYVFSTEMANKAAEAVLKGQVETIVSF:ARTXQTA,MLY
2lay,DVPLPAGWEMAKTSSGQRYFLNHIDQTTTWQDPRKA:STYPHXPTS,SEP
2mg5,ADQLTEEQIAEFKEAFSLFDKDGDGTITTKELGTVMRSLGQNPTEAELQDMINEVDADGNGTIDFPEFLTMMARKMKDTDSEEEIREAFRVFDKDGNGYISAAELRHVMTNLGEKLTDEEVDEMIREADIDGDGQVNYEEFVQMMTAK:XFKEVANAVKISASLM,TPO
4c78,KLSLQDVAELIRARACQRVVVMVGAGISTPSGIPDFRSDLPYPEAIFELPFFFHNPKPFFTLAKELYPGNYKPNVTHYFLRLLHDKGLLLRLYTQNIDGLERVSGIPASKLVEAHGTFASATCTVCQRPFPGEDIRADVMADRVPRCPVCTGVVKPDIVFFGEPLPQRFLLHVVDFPMADLLLILGTSLEVEPFASLTEAVRSSVPRLLINRDLVGPLAWHPRSRDVAQLGDVVHGVESLVELLGWTEEMRDLVQRETGKL:GXVMRRL,ALY
1qja,MDKNELVQKAKLAEQAERYDDMAACMKSVTEQGAELSNEERNLLSVAYKNVVGARRSSWRVVSSIEQKTEGAEKKQQMAREYREKIETELRDICNDVLSLLEKFLIPNASQAESKVFYLKMKGDYYRYLAEVAKKGIVDQSQQAYQEAFEISKKEMQPTHPIRLGLALNFSVFYYEILNSPEKACSLAKTAFDEAIAELDTLSEESYKDSTLIMQLLRDNLTLWT:RLYHXLPA,SEP
2lyw,VRRLMFSYISDEQWTPFLYDFYHY:XLYENKPRRPYIL,PCA
3n9p,PKESDRCGGCGKFTHEDKKNDFQWIGCDSCQTWYHFLCSGLEQFEYYLYEKFFCPKCVPHTGHSIRYKVVAPHRYRWYSPNEKHLGIEVGSKTWIEDFITRENTVPSPTDDEVCIVEDGYEFRREFEKLGGADNWGKVFMVKDMDGLNMTMPKPGFDLEDVVKIMGSDYEVDTIDVYNQSTYSMKLDTFRKLFRDTKNRPLLYNFLSLEFSDNNEMKEIAKPPRFVQEISMVNRLWPDVSGAEYIKLLQREEYLPEDQRPKVEQFCLAGMAGSYTDFHVDFGGSSVYYHILKGEKIFYIAAPTEQNFAAYQAHETSPDTTTWFGDIANGAVKRVVIKEGQTLLIPAGWIHAVLTPVDSLVFGGNFLHLGNLEMQMRVYHLENAIRKEIRSEEKFYFPNFELLHWMYMRNVLLEKITEANQEGSDMREQEKNIWTASQIMKAEMERWMDRELRLGPEKNAILPTDDKNKIMISVRKQIEIQTKIQNAK:ARTXQT:KAARXSAPAS,M3L:MLY
2jqi,ATQRFLIEKFSQEQIGENIVCRVICTTGQIPIRDLSADISQVLKEKRSIKKVWTFGRNPACDYHLGNISRLSNKHFQILLGEDGNLLLNDISTNGTWLNGQKVEKNSNQLLSQGDEITVGVGVESDILSLVIFINDKFKQCLEQNKVDRIR:NIXQPTQQST,TPO
4jg1,SEVQLVESGGGLVQPGGSLRLSCVTSGFTFRKFGMSWVRQAPGKGLEWVASISTPRGSTTYYSDSVKGRFTISRDNSKNTLYLQMNSLRAEDTAVYYCTRGYSSTSYAMDYWGQGTLVTVSSASTKGPSVFPLAPSSKSTSGGTAALGCLVKDYFPEPVTVSWNSGALTSGVHTFPAVLQSSGLYSLSSVVTVPSSSLGTQTYICNVNHKPSNTKVDKKVEPKSC:KGNYVVTXH,TPO
3d9m,MEAVKTFNSELYSLNDYKPPISKAKMTQITKAAIKAIKFYKHVVQSVEKFIQKCKPEYKVPGLYVIDSIVRQSRHQFGQEKDVFAPRFSNNIISTFQNLYRCPGDDKSKIVRVLNLWQKNNVFKSEIIQPLLDMAAALEH:PSYSPTXPS,SEP
3buo,SFLQRXSSDPT:PGTVDKKMVEKCWKLMDKVVRLCQNPKLALKNSPPYILDLLPDTYQHLRTILSRYEGKMETLGENEYFRVFMENLMKKTKQTISLFKEGKERMYEENSQPRRNLTKLSLIFSHMLAELKGIFPSGLFQGDTFRITKADAAEFWRKAFGEKTIVPWKSFRQALHEVHPISSGLEAMALKSTIDLTCNDYISVFEFDIFTRLFQPWSSLLRNWNSLAVTHPGYMAFLTYDEVKARLQKFIHKPGSYIFRLSCTRLGQWAIGYVTADGNILQTIPHNKPLFQALIDGFREGFYLFPDGRNQNPDLTG,PTR
1irs,MGPAFKEVWQVILKPKGLGQTKNLIGIYRLCLTSKTISFVKLNSEAAAVVLQLMNIRRCGHSENFFFIEVGRSAVTGPGEFWMQVDDSVVAQNMHETILEAMRAMSDEFRPR:LVIAGNPAXRS,PTR
4hon,QNPNCNIMIFHPTKEEFNDFDKYIAYMESQGAHRAGLAKIIPPKEWKARETYDNISEILIATPLQQVASGRAGVFTQYHKKKKAMTVGEYRHLANSKKYQTPPHQNFEDLERKYWKNRIYNSPIYGADISGSLFDENTKQWNLGHLGTIQDLLEKECGVVIEGVNTPYLYFGMWKTTFAWHTEDMDLYSINYLHLGEPKTWYVVPPEHGQRLERLARELFPGSSRGCGAFLRHKVALISPTVLKENGIPFNRITQEAGEFMVTFPYGYHAGFNHGFNCAEAINFATPRWIDYGKMASQCSCGEARVTFSMDAFVRILQPERYDLWKRGQD:TARXSTGGKA,M3L
3poa,TSVTLQLDDGSGRTYQLREGSNIIGRGQDAQFRLPDTGVSRRHLEIRWDGQVALLADLNSTNGTTVNNAPVQEWQLADGDVIRLGHSEIIVRMHPL:TAPXEKI,TPO
2jqc,DWEYHAHPKXNSFWT,HYP
2kvm,MELSAIGEQVFAVESIRKKRVRKGKVEYLVKWKGWPPKYSTWEPEEHILDPRLVMAYEEKEERDRASGYRK:APRKQLATKAARXSAP,MLY
3ual,DREDLVYQAKLAEQAERYDEMVESMKKVAGMDVELTVEERNLLSVAYKNVIGARRASWRIISSIEQKEENKGGEDKLKMIREYRQMVETELKLICCDILDVLDKHLIPAANTGESKVFYYKMKGDYHRYLAEFATGNDRKEAAENSLVAYKAASDIAMTELPPTHPIRLGLALNFSVFYYEILNSPDRACRLAKAAFDDAIAELDTLSEESYKDSTLIMQLLRDNLTLWT:RSFXEPFG,SEP
4jg0,EVQLVESGGGLVQPGGSLRLSCVTSGFTFRKFGMSWVRQAPGKGLEWVASISTPRGSTTYYSDSVKGRFTISRDNSKNTLYLQMNSLRAEDTAVYYCTRGYSSTSYAMDYWGQGTLVTVSSASTKGPSVFPLAPSSKSTSGGTAALGCLVKDYFPEPVTVSWNSGALTSGVHTFPAVLQSSGLYSLSSVVTVPSSSLGTQTYICNVNHKPSNTKVDKKVEPKSC:KGNYVVTX,SEP
3wp0,YARPIIILGPTKDRANDDLLSEFPDKFGSCVPHTTRPKREYEIDGRDYHFVSSREKMEKDIQAHKFIEAGQYNSHLYGTSVQSVREVAEQGKHCILDVSANAVRRLQAAHLHPIAIFIRPRSLENVLEINKRITEEQARKAFDRATKLEQEFTECFSAIVEGDSFEEIYHKVKRVIEDLSG:LSRVKXLKKSLRQSF,SEP
2jkr,MXQIKRLLS:MIRFILIQNRAGKTRLAKWYMQFDDDEKQKLIEEVHAVVTVRDAKHTNFVEFRNFKIIYRRYAGLYFCICVDVNDNNLAYLEAIHNFVEVLNEYFHNVCELDLVFNFYKVYTVVDEMFLAGEIRETSQTKVLKQLLMLQSLE,SEP
2ovq,TQVKHMMQVIEPQFQRDFISLLPKELALYVLSFLEPKDLLQAAQTCRYWRILAEDNLLWREKCKEEGIDEPLHIKRRKVIKPGFIHSPWKSAYIRQHRIDTNWRRGELKSPKVLKGHDDHVITCLQFCGNRIVSGSDDNTLKVWSAVTGKCLRTLVGHTGGVWSSQMRDNIIISGSTDRTLKVWNAETGECIHTLYGHTSTVRCMHLHEKRVVSGSRDATLRVWDIETGQCLHVLMGHVAAVRCVQYDGRRVVSGAYDFMVKVWDPETETCLHTLQGHTNRVYSLQFDGIHVVSGSLDTSIRVWDVETGNCIHTLTGHQSLTSGMELKDNILVSGNADSTVKIWDIKTGQCLQTLQGPNKHQSAVTCLQFNKNFVITSSDDGTVKLWDLKTGEFIRNLVTLESGGSGGVVWRIRASNTKLVCAVGSRNGTEETKLLVLDFDVDM:LPSGLLXPPQXG,TPO:SEP
1jy6,TALNTXAVQKWHFVLXGYKCEILA:TALNTXAVQKWHFVLXGYKCEILA,DPR:DPR:DPR:DPR
2ovr,TQVKHMMQVIEPQFQRDFISLLPKELALYVLSFLEPKDLLQAAQTCRYWRILAEDNLLWREKCKEEGIDEPLHIKRVIKPGFIHSPWKSAYIRQHRIDTNWRRGELKSPKVLKGHDDHVITCLQFCGNRIVSGSDDNTLKVWSAVTGKCLRTLVGHTGGVWSSQMRDNIIISGSTDRTLKVWNAETGECIHTLYGHTSTVRCMHLHEKRVVSGSRDATLRVWDIETGQCLHVLMGHVAAVRCVQYDGRRVVSGAYDFMVKVWDPETETCLHTLQGHTNRVYSLQFDGIHVVSGSLDTSIRVWDVETGNCIHTLTGHQSLTSGMELKDNILVSGNADSTVKIWDIKTGQCLQTLQGPNKHQSAVTCLQFNKNFVITSSDDGTVKLWDLKTGEFIRNLVTLESGGSGGVVWRIRASNTKLVCAVGSRNGTEETKLLVLDFDVDM:SLIPXPDK,TPO
3idj,RITLKESGPPLVKPTQTLTLTCSFSGFSLSDFGVGVGWIRQPPGKALEWLAIIYSDDDKRYSPSLNTRLTITKDTSKNQVVLVMTRVSPVDTATYFCAHRRGPTTLFGVPIARGPVNAMDVWGQGITVTISSTSTKGPSVFPLAPSGTAALGCLVKDYFPEPVTVSWNSGALTSGVHTFPAVLQSSGLYSLSSVVTVPSSSLGTQTYTCNVNHKPSNTKVDKRVEPKSC:ELDXWAS,ORN
3iiy,KCKYSFKCVNSLKEDHNQPLFGVQFNWHSKEGDPLVFATVGSNRVTLYECHSQGEIRLLQSYVDADADENFYTCAWTYDSNTSHPLLAVAGSRGIIRIINPITMQCIKHYVGHGNAINELKFHPRDPNLLLSVSKDHALRLWNIQTDTLVAIFGGVEGHRDEVLSADYDLLGEKIMSCGMDHSLKLWRINSKRMMNAIKESYDYNPNKTNRPFISQKIHFPDFSTRDIHRNYVDCVRWLGDLILSKSCENAIVCWKPGKMEDDIDKIKPSESNVTILGRFDYSQCDIWYMRFSTDFWQKMLALGNQVGKLYVWDLEVEDPHKAKCTTLTHHKCGAAIRQTSFSRDSSILIAVCDDASIWRWDRL:ARXSAGAA,M3L
4jiz,NLRQAVMLPEGEDLNEWIAVNTVDFFNQINMLYGTITEFCTEASCPVMSAGPRYEYHWADGTNIKKPIKCSAPKYIDYLMTWVQDQLDDETLFPSKIGVPFPKNFMSVAKTILKRLFRVYAHIYHQHFDSVMQLQEEAHLNTSFKHFIFFVQEFNLIDRRELAPLQELIEKL:YHXVVRYA,SEP
2zol,PHSMRYFETAVSRPGEPRYISVGYVDNKEFVRFDSDAENPRYEPRAPWMEQEGPEYWERETQKAKGQEQWFRVSLRNLLGYYNQSAGGSHTLQQMSGCDLGSDWRLLRGYLQFAYEGRDYIALNEDLKTWTAADMAAQITRRKWEQSGAAEHYKAYLEGECVEWLHRYLKNGNATLLRTDSPKAHVTHHPRSKGEVTLRCWALGFYPADITLTWMELVETRPAGDGTFQKWASVVVPLQNYTCRVYHEGLPEPLTLRW:XSLSNGPHL,ABA
2g46,MFNDRVIVKKSPLGGYGVFARKSFEKGELVEECLCIVRHNDDWGTALEDYLFSRKNMSAMALGFGAIFNHSKDPNARHELTAGLKRMRIFTIKPIAIGEEITISYGDDYWLSRPRLTQN:GKAPRKQLATKAARXSAPATG,MLZ
2rr4,GSSGSSGEISGFGQCLVWVQCSFPNCGKWRRLCGNIDPSVLPDNWSCDQNTDVQYNRCDIPEETWTGLE:ARTXQTARKS,M3L
1p16,PVIPGNKLDEEETKELRLXVAELLGRRNTGFPGSQPVSFERRHLEETLXQKDYFVCEKTDGLRCLLFLINDPDKGEGVFLVTRENDYYFIPNIHFPLSVNETREKPTYHHGTLLDGELVLENRNVSEPVLRYVIFDALAIHGKCIIDRPLPKRLGYITENVXKPFDNFKKHNPDIVNSPEFPFKVGFKTXLTSYHADDVLSKXDKLFHASD:TXPSYSPTX,MSE:MSE:MSE:MSE:MSE:SEP:SEP
3g2v,PETLEARINRATNPLNKELDWASINGFCEQLNEDFEGPPLATRLLAHKIQSPQEWEAIQALTVLETCMKSCGKRFHDEVGKFRFLNELIKVVSPKYLGSRTSEKVKNKILELLYSWTVGLPEEVKIAEAYQMLKKQGIVK:DDXDEDLLE,SEP
3glr,GKLSLQDVAELIRARACQRVVVMVGAGISTPSGIPDFRSPGSGLYSNLQQYDLPYPEAIFELPFFFHNPKPFFTLAKELYPGNYKPNVTHYFLRLLHDKGLLLRLYTQNIDGLERVSGIPASKLVEAHGTFASATCTVCQRPFPGEDIRADVMADRVPRCPVCTGVVKPDIVFFGEPLPQRFLLHVVDFPMADLLLILGTSLEVEPFASLTEAVRSSVPRLLINRDLVGPLAWHPRSRDVAQLGDVVHGVESLVELLGWTEEMRDLVQRETGKL:RSGXVMR,ALY
4i7b,ANSVLFPCKYASSGCEITLPHTEKADHEELCEFRPYSCPCPGASCKWQGSLDAVMPHLMHQHKSITTLQGEDIVFLATDINLPGAVDWVMMQSCFGFHFMLVLEKQEGHQQFFAIVQLIGTRKQAENFAYRLELNGHRRRLTWEATPRSIHEGIATAIMNSDCLVFDTSIAQLFAENGNLGINVTISMC:LRPVXMVRPTV,ABA
2oq1,DPAAHLPFFYGSISRAEAEEHLKLAGXADGLFLLRQCLRSLGGYVLSLVHDVRFHHFPIERQLNGTYAIAGGKAHCGPAELCEFYSRDPDGLPCNLRKPCNRPSGLEPQPGVFDCLRDAXVRDYVRQTWKLEGEALEQAIISQAPQVEKLIATTAHERXPWYHSSLTREEAERKLYSGAQTDGKFLLRPRKEQGTYALSLIYGKTVYHYLISQDKAGKYCIPEGTKFDTLWQLVEYLKLKADGLIYCLKEACPN:NQLXNELNLGRREEXDVLD,MSE:MSE:MSE:PTR:PTR
1lm8,MLAXYIPMDDDFQLR:RPVLRSVNSREPSQVIFCNRSPRVVLPVWLNFDGEPQPYPTLPPGTGRRIHSYRGHLWLFRDAGTHDGLLVNQTELFVPSLNVDGQPIFANITLPVYTLKERCLQVVRSLVKPENYRRLDIVRSLYEDLEDHPNVQKDLERLTQERIAHQ,HYP
3tl0,RWFHPNITGVEAENLLLTRGVDGSFLARPSKSNPGDFTLSVRRNGAVTHIKIQNTGDYYDLYGGEKFATLAELVQYYMEHHGQLKEKNGDVIELKYPLN:LNXAQLW,PTR
2a0t,ATQRFLIEKFSQEQIGENIVCRVICTTGQIPIRDLSADISQVLKEKRSIKKVWTFGRNPACDYHLGNISRLSNKHFQILLGEDGNLLLNDISTNGTWLNGQKVEKNSNQLLSQGDEITVGVGVESDILSLVIFINDKFKQCLEQNKVDRIR:NDPDXLEIYS,TPO
3swc,VERIVSRDIARGYERIPIPCVNAVDSEPCPSNYKYVSQNCVTSPMNIDRNITHLQYCVCIDDCSSSNCMCGQLSMRCWYDKDGRLLPEFNMAEPPLIFECNHACSCWRNCRNRVVQNGLRARLQLYRTRDMGWGVRSLQDIPPGTFVCEYVGELISDSEADVREEDSYLFDLDNKDGEVYCIDARFYGNVSRFINHHCEPNLVPVRVFMAHQDLRFPRIAFFSTRLIEAGEQLGFDYGERFWDIKGKLFSCRCGSPKCRHS:TARXVGRPG,MLY
4o42,EFETIERFMDCRIGRKGATGATTTIYAVEADGDPNAGFEKNKEPGEIQYLIKWKGWSHIHNTWETEETLKQQNVRGMKKLDNYKKKDQETKRWLKNASPEDVEYYNCQQELTDDLHKQYQIVERIIAHSNQKSAAGYPDYYCKWQGLPYSECSWEDGALISKKFQACIDEYFS:RTARSXV,MLY
4jfz,EVQLVESGGGLVQPGGSLRLSCVTSGFTFRKFGMSWVRQAPGKGLEWVASIATGGHTTYYSDSVKGRFTISRDNSKNTLYLQMNSLRAEDTAVYYCTRGYSSTSYAMDYWGQGTLVTVSSASTKGPSVFPLAPSSKSTSGGTAALGCLVKDYFPEPVTVSWNSGALTSGVHTFPAVLQSSGLYSLSSVVTVPSSSLGTQTYICNVNHKPSNTKVDKKVEPKSC:KGNYVVTXH,SEP
1fpr,GFWEEFESLQKQEVKNLHQRLEGQRPENKGKNRYKNILPFDHSRVILQGRDSNIPGSDYINANYIKNQLLGPDENAKTYIASQGCLEATVNDFWQMAWQENSRVIVMTTREVEKGRNKCVPYWPEVGMQRAYGPYSVTNCGEHDTTEYKLRTLQVSPLDNGDLIREIWHYQYLSWPDHGVPSEPGGVLSFLDQINQRQESLPHAGPIIVHSSAGIGRTGTIIVIDMLMENISTKGLDCDIDIQKTIQMVRAQRSGMVQTEAQYKFIYVAIAQFIETTKKKLEVL:EDTLTXADLD,PTR
1dzi,ALIDVVVVCDESNSIYPWDAVKNFLEKFVQGLDIGPTKTQVGLIQYANNPRVVFNLNTYKTKEEMIVATSQTSQYGGDLTNTFGAIQYARKYAYSAASGGRRSATKVMVVVTDGESHDGSMLKAVIDQCNHDNILRFGIAVLGYLNRNALDTKNLIKEIKAIASIPTERYFFNVSDEAALLEKAG:GPXGPXGFXGERGPXGPXGPXX:GPXGPXGFXGERGPXGPXGPXX:GPXGPXGFXGERGPXGPXGPXX,HYP:HYP:HYP:HYP:HYP:HYP:NH2:HYP:HYP:HYP:HYP:HYP:HYP:NH2:HYP:HYP:HYP:HYP:HYP:HYP:NH2
3ai6,XXGXXGXXGXXGXXGXXGXXGXXGXXG:XXGXXGXXGXXGXXGXXGXXGXXGXXG:XXGXXGXXGXXGXXGXXGXXGXXGXXG,DPR:DPR:DPR:DPR:DPR:DPR:DPR:DPR:DPR:DPR:DPR:DPR:DPR:DPR:DPR:DPR:DPR:DPR:DPR:DPR:DPR:DPR:DPR:DPR:DPR:DPR:DPR:DPR:DPR:DPR:DPR:DPR:DPR:DPR:DPR:DPR:DPR:DPR:DPR:DPR:DPR:DPR:DPR:DPR:DPR:DPR:DPR:DPR:DPR:DPR:DPR:DPR:DPR:DPR
3u5o,DDPNEDWCAVCQNGGDLLCCEKCPKVFHLTCHVPTLLSFPSGDWICTFCRDIGKPEVEYDCDNLQHSKGLSPVDQRKCERLLLYLYCHELSIEFQEPVPASIPNYYKIIKKPMDLSTVKKKLQKKHSQHYQIPDDFVADVRLIFKNCERFNEMMKVVQVYASEVAQAGKAVALYFEDKLTEIYSDRTFA:ARTKQTARXSTGGXAPRXQL,M3L:ALY:ALY
1jsp,SHLKSKKGQSTSRHKXLMFK:GSHMRKKIFKPEELRQALMPTLEALYRQDPESLPFRQPVDPQLLGIPDYFDIVKNPMDLSTIKRKLDTGQYQEPWQYVDDVWLMFNNAWLYNRKTSRVYKFCSKLAEVFEQEIDPVMQSLG,ALY
4gfu,VLAGEFSDIQACSAAWKADGCSTVAGSRPENVRKNRYKDVLPYDQTRVILSLLQEEGHSDYINGNFIRGVDGSLAYIATQGPLPHTLLDFWRLVWEFGVKVILMACREIENGRKRCERYWAQEQEPLQTGLFCITLIKEKWLNEDIMLRTLKVTFQKESRSVYQLQYMSWPDRGVPSSPDHMLAMVEEARRLQGSGPEPLCVHSSAGCGRTGVLCTVDYVRQLLLTQMIPPDFSLFDVVLKMRKQRPAAVQTEEQYRFLYHTVAQMFC:PEXLGLD,PTR
1g6g,IVCRVICTTGQIPIRDLSADISQVLKEKRSIKKVWTFGRNPACDYHLGNISRLSNKHFQILLGEDGNLLLNDISTNGTWLNGQKVEKNSNQLLSQGDEITVGVGVESDILSLVIFINDKFKQCL:LEVXEADATFAK,TPO
3vrp,WEEARALGRAVRMLQRLEEQCVDVSPPSLRDLLPRTAQLLREVAHSRRAAGGGGPGGPGGSGDFLLIYLANLEAKSRQVAALLPPSRLRRQLAKLAIIFSHMHAELHALFPGGKYCGHMYQLTKAPAHTFWRESCGARCVLPWAEFESLLGTCHPVEPGCTALALRTTIDLTCSGHVSIFEFDVFTRLFQPWPTLLKNWQLLAVNHPGYMAFLTYDEVQERLQACRDKPGSYIFRPSCTRLGQWAIGYVSSDGSILQTIPANKPLSQVLLEGQKDGFYLYPDGKTHNPDLT:QRXSSDPT,PTR
1t2v,RMSMVVSGLTPEEFMLVYKFARKHHITLTNLITEETTHVVMKTDAEFVCERTLKYFLGIAGGKWVVSYFWVTQSIKERKMLNEHDFEVRGDVVNGRNHQGPKRARESQDRKIFRGLEICCYGPFTNMPTDQLEWMVQLCGASVVKELSSFTGVHPIVVVQPDAWTEDNGFHAIGQMCEAPVVTREWVLDSVALYQCQELDTYLIPQIP:GAAYDIXQVFPFAK,SEP
2gfa,ALQSITAGQKVISKHKNGRFYQCEVVRLTTETFYEVNFDDGSFSDNLYPEDIVGPPAEGEVVQVRWTDGQVYGAKFVASHPIQMYQVEFEDGSQLVVKRDDVYTLDE:ARTXQTA,M3L
2pqw,WSWESYLEEQKAITAPVSLFQDSQAVTHNKNGFKLGMKLEGIDPQHPSMYFILTVAEVCGYRLRLHFDGYSECHDFWVNANSPDIHPAGWFEKTGHKLQPPKGYKEEEFSWSQYLRSTRAQAAPKHLFVSQSHSPPPLGFQVGMKLEAVDRMNPSLVCVASVTDVVDSRFLVHFDNWDDTYDYWCDPSSPYIHPVGWCQKQGKPLTPPQDYPDPDNFCWEKYLEETGASAVPTWAFKVRPPHSFLVNMKLEAVDRRNPALIRVASVEDVEDHRIKIHFDGWSHGYDFWIDADHPDIHPAGWCSKTGHPLQPPLGP:RHRXVLRDN,MLY
3ueo,GLFSQKSFLVLGFSNENESNIANIIKENAGKIMVADYAVVPLLGCEVEATVGEVVTNTWLVTCIDYQTLFDPKSNPLFTPVPVMTGMTPLEDCVISFSQCAGAEKESLTFLANLLGASVQEYFVRKSNAKKGMFASTHLILKERGGSKYEAAKKWNLPAVTIAWLLETARTGKRADESHFLIENST:DXDXDVEE,SEP:TPO
2q8y,PSTNKHLKNNFNSLHNQMRKMPVSHFKEALDVPDYSGMRQSGFFAMSQGFQLNNHGYDVFIHARRESPQGKFAGDKFHISVLRDMVPQAFQALSGLLFSEDSPVDKWAVTDMEKVVQQARVSLGAQFTLYIKPDQENSQYSASFLHKTRQFIECLESRLSENGVISGQCPESDVHPENWKYLSYRNELRSGRDGGEMQRQALREEPFYRLMTE:QYFMXEXVA,TPO:PTR
3zkf,DRKAVIKNADMSEEMQQDSVECATQALEKYNIEKDIAAHIKKEFDKKYNPTWHCIVGRNFGSYVTHETKHFIYFYLGQVAILLFKSG:VGMHXKGTQT,SEP
3d9p,MEAVKTFNSELYSLNDYKPPISKAKMTQITKAAIKAIKFYKHVVQSVEKFIQKCKPEYKVPGLYVIDSIVRQSRHQFGQEKDVFAPRFSNNIISTFQNLYRCPGDDKSKIVTVLNLWQKNNVFKSEIIQPLLDMAAALEHH:PSYXPTXP,SEP:SEP
2ybp,TLNPSARIMTFYPTMEEFRNFSRYIAYIESQGAHRAGLAKVVPPKEWKPRASYDDIDDLVIPAPIQQLVTGQSGLFTQYNIQKKAMTVREFRKIANSDKYCTPRYSEFEELERKYWKNLTFNPPIYGADVNGTLYEKHVDEWNIGRLRTILDLVEKESGITIEGVNTPYLYFGMWKTSFAWHTEDMDLYSINYLHFGEPKSWYSVPPEHGKRLERLAKGFFPGSAQSCEAFLRHKMTLISPLMLKKYGIPFDKVTQEAGEFMITFPYGYHAGFNHGFNCAESTNFATRRWIEYGKQAVLCSCRKDMVKISMDVFVRKFQPERYKLWKAGKDNTVIDHTLPTPEAAEFLK:PATGGVXKPHRY,M3L
1lf8,ESLESWLNKATNPSNRQEDWEYIIGFCDQINKELEGPQIAVRLLAHKIQSPQEWEALQALTVLEACMKNCGRRFHNEVGKFRFLNELIKVVSPKYLGDRVSEKVKTKVIELLYSWTMALPEEAKIKDAYHMLKRQGIVQSDPPIPVDRTLI:XDEDLLHI,SEP
1lqb,PVLRSVNSREPSQVIFCNRSPRVVLPVWLNFDGEPQPYPTLPPGTGRRIHSYRGHLWLFRDAGTHDGLLVNQTELFVPSLNVDGQPIFANITLPVYTLKERCLQVVRSLVKPENYRRLDIVRSLYEDLEDHPNVQKDLERLTQERIAHQR:EMLAXYIPMDDDFQLRSF,HYP
2l1b,GEQVFAVESIRKKRVRKGKVEYLVKWKGWPPKYSTWEPEEHILDPRLVMAYEEKEE:QLATKAARXSAPATG,M3L
1bmb,KPHPWFFGKIPRAKAEEMLSKQRHDGAFLIRESESAPGDFSLSVKFGNDVQHFKVLRDGAGKYFLWVVKFNSLNELVDYHRSTSVSRNQQIFLRDIEQ:KPFXVNVEF,PTR
3d9l,EAVKTFNSELYSLNDYKPPISKAKMTQITKAAIKAIKFYKHVVQSVEKFIQKCKPEYKVPGLYVIDSIVRQSRHQFGQEKDVFAPRFSNNIISTFQNLYRCPGDDKSKIVRVLNLWQKNNVFKSEIIQPLLDMAAALEHH:YXPTSPSYXP,SEP:SEP
3bh8,GSHSMRYFFTSVSRPGRGEPRFIAVGYVDDTQFVRFDSDAASQRMEPRAPWIEQEGPEYWDGETRKVKAHSQTHRVDLGTLRGYYNQSEAGSHTVQRMYGCDVGSDWRFLRGYHQYAYDGKDYIALKEDLRSWTAADMAAQTTKHKWEAAHVAEQLRAYLEGTCVEWLRRYLENGKETLQRTDAPKTHMTHHAVSDHEATLRCWALSFYPAEITLTWQRDGEDQTQDTELVETRPAGDGTFQKWAAVVVPSGQEQRYTCHVQHEGLPKPLTLRW:RQAXIELPSM,SEP
3cbm,HGVCWIYYPDGGSLVGEVNEDGEMTGEKIAYVYPDERTALYGKFIDGEMIEGKLATLMSTEEGRPHFELMPGNSVYHFDKSTSSCISTNALLPDPYESERVYVAESLISSAGEGLFSKVAVGPNTVMSFYNGVRITHQEVDSRDWALNGNTLSLDEETVIDVPEPYNHVSKYCASLGHKANHSFTPNCIYDMFVHPRFGPIKCIRTLRAVEADEELTVAYGYDHSPEAPEWYQVELKAFQATQ:IKRSXKN,MLZ
1jm4,SYGRXKRRQRC:GSHMSKEPRDPDQLYSTLKSILQQVKSHQSAWPFMEPVKRTEAPGYYEVIRFPMDLKTMSERLKNRYYVSKKLFMADLQRVFTNCKEYNPPESEYYKCANILEKFFFSKIKEAGLIDK,ALY
2lgk,SGPSCKHCKDDVNRLCRVCACHLCGGRQDPDKQLMCDECDMAFHIYCLDPPLSSVPSEDEWYCPECRND:ARTKQTARXSTG,M3L
3uvw,SMNPPPPETSNPNKPKRQTNQLQYLLRVVLKTLWKHQFAWPFQQPVDAVKLNLPDYYKIIKTPMDMGTIKKRLENNYYWNAQECIQDFNTMFTNCYIYNKPGDDIVLMAEALEKLFLQKINELPTEE:SGRGXGGXGLGY,ALY:ALY
1jyr,GSMAWFFGKIPRAKAEEMLSKQRHDGAFLIRESESAPGDFSLSVKFGNDVQHFKVLRDGAGKYFLWVVKFNSLNELVDYHRSTSVSRNQQIFLRDI:APSXVNVQN,PTR
4jaa,ALGPAWDESQLRSYSFPTRPIPRLSQSDPRAEELIENEEPVVLTDTNLVYPALKWDLEYLQENIGNGDFSVYSASTHKFLYYDEKKMANFQNFKPRSNREEMKFHEFVEKLQDIQQRGGEERLYLQQTLNDTVGRKIVMDFLGFNWNWINKQQGKRGWGQLTSNLLLIGMEGNVTPAHYDEQQNFFAQIKGYKRCILFPPDQFECLYPYPVHHPCDRQSQVDFDNPDYERFPNFQNVVGYETVVGPGDVLYIPMYWWHHIESLLNGGITITVNFWYKGAPTPKRIEYPLKAHQKVAIMRNIEKMLGEALGNPQEVGPLLNTMIKGRYN:VVKLLLEHGADVXAQD,DLE
2wh0,DKNELVQKAKLAEQAERYDDMAACMKSVTEQGAELSNEERNLLSVAYKNVVGARRSSWRVVSSIEQKTEGAEKKQQMAREYREKIETELRDICNDVLSLLEKFLIPNASQAESKVFYLKMKGDYYRYLAEVAAGDDKKGIVDQSQQAYQEAFEISKKEMQPTHPIRLGLALNFSVFYYEILNSPEKACSLAKTAFDEAIAELDTLSEESYKDSTLIMQLLRDNLTLW:RSKXAKALXFDNR,SEP:SEP
1shc,GSHMGQLGGEEWTRHGSFVNKPTRGWLHPNDKVMGPGVSYLVRYMGCVEVLQSMRALDFNTRTQVTREAISLVCEAVPGAKGATRRRKPCSRPLSSILGRSNLKFAGMPITLTVSTSSLNLMAADCKQIIANHHMQSISFASGGDPDTAEYVAYVAKDPVNQRACHILECPEGLAQDVISTIGQAFELRFKQYLR:HIIENPQXFSDA,PTR
2bqz,RKSKAELQSEERKRIDELIESGKEEGMKIDLIDGKGRGVIATKQFSRGDFVVEYHGDLIEITDAKKREALYAQDPSTGCYMYYFQYLSKTYCVDATRETNRLGRLINHSKCGNCQTKLHDIDGVPHLILIASRDIAAGEELLYDYGDRSKASIEAHPWLKH:RHRXVLRDNY,MLZ
1guw,HMVEEVLEEEEEEYVVEKVLDRRVVKGKVEYLLKWKGFSDEDNTWEPEENLDCPDLIAEFLQSQKTAHETDKS:ARTXQTARXSTGGKAPGG,MLY:MLY
3pfv,RTVEKTWKLMDKVVRLCQNPKLQLKNSPPYILDILPDTYQHLRLILSKYDDNQKLAQLSENEYFKIYIDSLMKKSKRAIRLFKEGKERMYEEQSQDRRNLTKLSLIFSHMLAEIKAIFPNGQFQGDNFRITKADAAEFWRKFFGDKTIVPWKVFRQCLHEVHQISSGLEAMALKSTIDLTCNDYISVFEFDIFTRLFQPWGSILRNWNFLAVTHPGYMAFLTYDEVKARLQKYSTKPGSYIFRLSCTRLGQWAIGYVTGDGNILQTIPHNKPLFQALIDGSREGFYLYPDGRSYNPDLTGLA:LQRXSSDPTG,PTR
1tce,AEQLRGEPWFHGKLSRREAEALLQLNGDFLVRESTTTPGQYVLTGSQSGQPKHLLLVDPEGVVRTKDHRFESVSHLISYHMDNHLPIISAGSELCLQQPVERKLLEH:GHDGLXQGLSTATK,PTR
3uvy,QTNQLQYLLRVVLKTLWKHQFAWPFQQPVDAVKLNLPDYYKIIKTPMDMGTIKKRLENNYYWNAQECIQDFNTMFTNCYIYNKPGDDIVLMAEALEKLFLQKINELPTE:AXRHRXVLRD,ALY:ALY
3o34,EDWCAVCQNGGELLCCEKCPKVFHLSCHVPTLTNFPSGEWICTFCRDLSKPEVEYDCDAPSHKKTEGLVKLTPIDKRKCERLLLFLYCHEMSLAFQDPVPLTVPDYYKIIKNPMDLSTIKKRLQEDYSMYSKPEDFVADFRLIFQNCAEFNEPDSEVANAGIKLENYFEELLKNLYP:TXAARKSAPATY,ALY
4gag,EVQLQESGPSLVKPSQTLSLTCSVTGDSITSGYWNWIRKFPGNKLEYMGYISYSGSTYYNLSLRSRISITRDTSKNQYYLQLNSVTTEDTATYYCALITTTTYAMDYWGQGTSVTVSSAKTTPPSVYPLAPNSMVTLGCLVKGYFPEPVTVTWNSGSLSSGVHTFPAVLQSDLYTLSSSVTVPSSTWPSETVTCNVAHPASSTKVDKKIVPR:XLINTNGSWHVN,PCA
2nor,XNPNRFIGLM,PCA
2lnw,SRPPSREIDYTAYPWFAGNMERQQTDNLLKSHASGTYLIRERPAEAERFAISIKFNDEVKHIKVVEKDNWIHITEAKKFDSLLELVEYYQCHSLKESFKQLDTTLKYPYKSRE:EEPVXEEVG,PTR
3dpq,VLLLDVTPLSLGIETMGGVMTTLIAKNTTIPTKHSQVFSTAEDNQSAVTIHVLQGERKRAADNKSLGQFNLDGINPAPRGMPQIEVTFDIDADGILHVSAKDKNSGKEQKITIKASSGLNEDEIQKMVRDAEANAEADRKFEELVQTRNQGDHLLHSTRKQVDDKTAIESALTALETALKGEDKAAIEAKMQELAQVSQKLME:KLYXLPRPT,ALC
2lvm,GHMNSFVGLRVVAKWSSNGYFYSGKITRDVGAGKYKLLFDDGYECDVLGKDILLCDPIPLDTEVTALSEDEYFSAGVVKGHRKESGELYYSIEKEGQRKWYKRMAVILSLEQGNRLREQYGLG:GAKRHRXVLRDNIQ,MLY
2v87,SPEFGYWITCCPTCDVDINTWVPFYSTELNKPAMIYCSHGDGHWVHAQCMDLEERTLIHLSEGSNKYYCNEHVQIARA:AXTXQTARKS,2MR:M3L
2ox0,TLNPSARIMTFYPTMEEFRNFSRYIAYIESQGAHRAGLAKVVPPKEWKPRASYDDIDDLVIPAPIQQLVTGQSGLFTQYNIQKKAMTVREFRKIANSDKYCTPRYSEFEELERKYWKNLTFNPPIYGADVNGTLYEKHVDEWNIGRLRTILDLVEKESGITIEGVNTPYLYFGMWKTSFAWHTEDMDLYSINYLHFGEPKSWYSVPPEHGKRLERLAKGFFPGSAQSCEAFLRHKMTLISPLMLKKYGIPFDKVTQEAGEFMITFPYGYHAGFNHGFNCAESTNFATRRWIEYGKQAVLCSCRKDMVKISMDVFVRKFQPERYKLWKAGKDNTVIDHTLPTPEAAEFLK:ARXSTGGX,MLY:ALY
3bzi,DCHLSDMLQQLHSVNASKPSERGLVRQEEAEDPACIPIFWVSKWVDYSDKYGLGYQLCDNSVGVLFNDSTRLILYNDGDSLQYIERDGTESYLTVSSHPNSLMKKITLLKYFRNYMSEHLLKAGANITPREGDELARLPYLRTWFRTRSAIILHLSNGSVQINFFQDHTKLILCPLMAAVTYIDEKRDFRTYRLSLLEEYGCCKELASRLRYARTMVDKLLSS:LLCSXPN,TPO
3bh9,GSHSMRYFFTSVSRPGRGEPRFIAVGYVDDTQFVRFDSDAASQRMEPRAPWIEQEGPEYWDGETRKVKAHSQTHRVDLGTLRGYYNQSEAGSHTVQRMYGCDVGSDWRFLRGYHQYAYDGKDYIALKEDLRSWTAADMAAQTTKHKWEAAHVAEQLRAYLEGTCVEWLRRYLENGKETLQRTDAPKTHMTHHAVSDHEATLRCWALSFYPAEITLTWQRDGEDQTQDTELVETRPAGDGTFQKWAAVVVPSGQEQRYTCHVQHEGLPKPLTLRWE:RTYXGPMNKV,SEP
1jlu,QESVKEFLAKAKEDFLKKWETPSQNTAQLDQFDRIKTLGTGSFGRVMLVKHKESGNHYAMKILDKQKVVKLKQIEHTLNEKRILQAVNFPFLVKLEFSFKDNSNLYMVMEYVAGGEMFSHLRRIGRFSEPHARFYAAQIVLTFEYLHSLDLIYRDLKPENLLIDQQGYIQVTDFGFAKRVKGRTWXLCGTPEYLAPEIILSKGYNKAVDWWALGVLIYEMAAGYPPFFADQPIQIYEKIVSGKVRFPSHFSSDLKDLLRNLLQVDLTKRFGNLKNGVNDIKNHKWFATTDWIAIYQRKVEAPFIPKFKGPGDTSNFDDYEEEEIRVXINEKCGKEFTEF:TTYADFIASGRTGRRAXIHD,TPO:SEP:SEP
3n9q,PKESDRCGGCGKFTHEDKKNDFQWIGCDSCQTWYHFLCSGLEQFEYYLYEKFFCPKCVPHTGHSIRYKVVAPHRYRWYSPNEKHLGIEVGSKTWIEDFITRENTVPSPTDDEVCIVEDGYEFRREFEKLGGADNWGKVFMVKDMDGLNMTMPKPGFDLEDVVKIMGSDYEVDTIDVYNQSTYSMKLDTFRKLFRDTKNRPLLYNFLSLEFSDNNEMKEIAKPPRFVQEISMVNRLWPDVSGAEYIKLLQREEYLPEDQRPKVEQFCLAGMAGSYTDFHVDFGGSSVYYHILKGEKIFYIAAPTEQNFAAYQAHETSPDTTTWFGDIANGAVKRVVIKEGQTLLIPAGWIHAVLTPVDSLVFGGNFLHLGNLEMQMRVYHLENAIRKEIRSEEKFYFPNFELLHWMYMRNVLLEKITEANQEGSDMREQEKNIWTASQIMKAEMERWMDRELRLGPEILPTDDKNKIMISVRKQIEIQTKIQNAK:ARTXQT:KAARXSAP,M3L:MLY
2v88,SPEFGYWITCCPTCDVDINTWVPFYSTELNKPAMIYCSHGDGHWVHAQCMDLEERTLIHLSEGSNKYYCNEHVQIARA:AXTXQTAA,2MR:MLY
2hdx,QPLSGYPWFHGMLSRLKAAQLVLEGGTGSHGVFLVRQSETRRGECVLTFNFQGKAKHLRLSLNAAGQCRVQHLHFQSIFDMLEHFRVHPIPLESGGSSDVVLVSYVPS:TPDXELLTE,PTR
4hkc,DKNELVQKAKLAEQAERYDDMAACMKSVTEQGAELSNEERNLLSVAYKNVVGARRSSWRVVSSIEQKTEGAEKKQQMAREYREKIETELRDICNDVLSLLEKFLIPNASQAESKVFYLKMKGDYYRYLAEVAAGDDKKGIVDQSQQAYQEAFEISKKEMQPTHPIRLGLALNFSVFYYEILNSPEKACSLAKTAFDEAIAELDTLSEESYKDSTLIMQLLRDNLTLWTS:KRQYKXIL,SEP
3ask,SLYKVNEYVDARDTNMGAWFEAQVVRVTRKAEEDVIYHVKYDDYPENGVVQMNSRDVRARARTIIKWQDLEVGQVVMLNYNPDNPKERGFWYDAEISRKRETRTARELYANVVLGDDSLNDCRIIFVDEVFKIERPGEGSPMVDNPMRRKSGPSCKHCKDDVNRLCRVCACHLCGGRQDKQLMCDECDMAFHIYCPPLSSVPSEDEWYCPECR:ARTKQTARXS,M3L
2yu7,GSSGSSGWYHGHMSGGQAETLLQAKGEPWTFLVRESLSQPGDFVLSVLSDQPKAGPGSPLRVTHIKVMCEGGRYTVGGLETFDSLTDLVEHFKKTGIEEASGAFVYLRQPYYSGPSSG:ATEQEITXAELNLQK,PTR
4kv1,ASMNPPPPETSNPNKPKRQTNQLQYLLRVVLKTLWKHQFAWPFQQPVDAVKLNLPDYYKIIKTPMDMGTIKKRLENNYYWNAQECIQDFNTMFTNCYIYNKPGDDIVLMAEALEKLFLQKINELPTEE:TFXSIMK,ALY
3hna,GSNSQVWSALQMSKALPSPVERIVSRDIARGYERIPIPCVNAVDSEPCPSNYKYVSQNCVTSPMNIDRNITHLQYCVCIDDCSSSNCMCGQLSMRCWYDKDGRLLPEFNMAEPPLIFECNHACSCWRNCRNRVVQNGLRARLQLYRTRDMGWGVRSLQDIPPGTFVCEYVGELISDSEADVREEDSYLFDLDNKDGEVYCIDARFYGNVSRFINHHCEPNLVPVRVFMAHQDLRFPRIAFFSTRLIEAGEQLGFDYGERFWDIKGKLFSCRCGSPKCRHS:KQTARXST,MLZ
2rs9,SGRGXGGKGL:GSSGSSGFLILLRKTLEQLQEKDTGNIFSEPVPLSEVPDYLDHIKKPMDFFTMKQNLEAYRYLNFDDFEEDFNLIVSNCLKYNAKDTIFYRAAVRLREQGGAVLRQARRQAEKMGSGPSSG,ALY
2rln,SSSNYCNQMMKSRNLTKDRCKPVNTFVHESLADVQAVCSQKNVACKNGQTNCYQSYSTMSITDCRETGSSKYPNCAYKTTQANKHIIVACEGNPYVPVHFDASV:KETAAAKFERQHXDSX,NLE:NH2
4hyb,VLLLDVTPLSLGIETMGGVMTTLIAKNTTIPTKHSQVFSTAEDNQSAVTIHVLQGERKRAADNKSLGQFNLDGINPAPRGMPQIEVTFDIDADGILHVSAKDKNSGKEQKITIKASSGLNEDEIQKMVRDAEANAEADRKFEELVQTRNQGDHLLHSTRKQVEEAGDKLPADDKTAIESALTALETALKGEDKAAIEAKMQELAQVSQKLMEI:LYXIPRPP,ALC
2ror,GSSGSSGKAEAEQNWWEGPPQDLSVHLWYAGPMERAGAESILANRSDGTFLVRQRVKDAAEFAISIKYNVEVKHIKIMTAEGLYRITEKKAFRGLTELVEFYQQNSLKDCFKSLDTTLQFPFKEPEKRTISRSGPSSG:GEDDGDXESPNEEEE,PTR
3d9n,EAVKTFNSELYSLNDYKPPISKAKMTQITKAAIKAIKFYKHVVQSVEKFIQKCKPEYKVPGLYVIDSIVRQSRHQFGQEKDVFAPRFSNNIISTFQNLYRCPGDDKSKIVRVLNLWQKNNVFKSEIIQPLLDMAAALE:PXYXPTSP,SEP:SEP
2rmx,GSSGSSGWYHGHMSGGQAETLLQAKGEPWTFLVRESLSQPGDFVLSVLSDQPKAGPGSPLRVTHIKVMCEGGRYTVGGLETFDSLTDLVEHFKKTGIEEASGAFVYLRQPYYSGPSSG:MDNQGVIXSDLNLPP,PTR
2jmj,QEEVYCFCRNVSYGPMVACDNPACPFEWFHYGCVGLKQAPKGKWYCSKDCKEIANQRSKS:ARTXQTARK,M3L
2iui,MSLQNAEWYWGDISREEVNEKLRDTADGTFLVRDASTKMHGDYTLTLRKGGNNKLIKIFHRDGKYGFSDPLTFSSVVELINHYRNESLAQYNPKLDVKLLYPVSKYQ:SIDXVPMLDMK,PTR
2m7j,TWLKKRRWKKAKXP,DPR
2iuh,NMSLQNAEWYWGDISREEVNEKLRDTADGTFLVRDASTKMHGDYTLTLRKGGNNKLIKIFHRDGKYGFSDPLTFSSVVELINHYRNESLAQYNPKLDVKLLYPVSKYQQDQVVKE:TNEXMDMK,PTR
3sqd,MKLTPELTPFVLFTGFEPVQVQQYIKKLYILGGEVAESAQKCTHLIASKVTRTVKFLTAISVVKHIVTPEWLEECFRCQKFIDEQNYILRDAEAEVLFSFSLEESLKRAHVSPLFKAKYFYITPGICPSLSTMKAIVECAGGKVLSKQPSFRKLMEHKQNSSLSEIILISCENDLHLCREYFARGIDVHNAEFVLTGVLTQTLDYESYKFN:KKATQAXQEY,SEP
1uef,MGSQFWVTSQKTEASERCGLQGSYILRVEAEKLTLLTLGAQSQILEPLLFWPYTLLRRYGRDKVMFSFEAGRRCPSGPGTFTFQTSQGNDIFQAVEAAIQQQKAQ:TWIENKLXGM,PTR
3d9k,MEAVKTFNSELYSLNDYKPPISKAKMTQITKAAIKAIKFYKHVVQSVEKFIQKCKPEYKVPGLYVIDSIVRQSRHQFGQEKDVFAPRFSNNIISTFQNLYRCPGDDKSKIVRVLNLWQKNNVFKSEIIQPLLDMAAALEHH:YXPTXPSYX,SEP:SEP:SEP
2q8e,SESETLNPSARIMTFYPTMEEFRNFSRYIAYIESQGAHRAGLAKVVPPKEWKPRASYDDIDDLVIPAPIQQLVTGQSGLFTQYNIQKKAMTVREFRKIANSDKYCTPRYSEFEELERKYWKNLTFNPPIYGADVNGTLYEKHVDEWNIGRLRTILDLVEKESGITIEGVNTPYLYFGMWKTSFAWHTEDMDLYSINYLHFGEPKSWYSVPPEHGKRLERLAKGFFPGSAQSCEAFLRHKMTLISPLMLKKYGIPFDKVTQEAGEFMITFPYGYHAGFNHGFNCAESTNFATRRWIEYGKQAVLCSCRKDMVKISMDVFVRKFQPERYKLWKAGKDNTVIDHTLP:GGVX,M3L
3tzd,LYFQGEFVVEKVLDRRVVNGKVEYFLKWKGFTDADNTWEPEENLDCPELIEAFLNSQK:YPVKKKARXSAG,MLY
4dow,TFSWVGRPLPNRKQFQQMYREICMKINDGSEIHIKVGQFVLIQGEDNKKPYVAKLIELFQNGAEVPPKKCARVQWFVRFLEIPVSKRHLLGRSPPAQEIFWYDCSDWDNKINVETIIGPVQVVALAPEEVIPVDQKSEETLFVKLSWNKKDFAPLPP:GAKRHRXVLRDN,MLY
3unn,SNVEPVGRLHIFSGAHGPEKDFPLHLGKNVVGRMPDCSVALPFPSISKQHAEIEILAWDKAPILRDCGSLNGTQILRPPKVLSPGVSHRLRDQELILFADLLCQYHRL:MEDXQAID,TPO
3bum,TNEXTEGPT,PTR
1g1h,MEMEKEFEQIDKSGSWAAIYQDIRHEASDFPCRVAKLPKNKNRNRYRDVSPFDHSRIKLHQEDNDYINASLIKMEEAQRSYILTQGPLPNTCGHFWEMVWEQKSRGVVMLNRVMEKGSLKCAQYWPQKEEKEMIFEDTNLKLTLISEDIKSYYTVRQLELENLTTQETREILHFHYTTWPDFGVPESPASFLNFLFKVRESGSLSPEHGPVVVHASAGIGRSGTFCLADTCLLLMDKRKDPSSVDIKKVLLEMRKFRMGLIQTADQLRFSYLAVIEGAKFIMGDSSVQDQWKELSHED:TDXXRKG,PTR:PTR
4bu1,SKPLKGFVICCTSIDLKQRTEISTKATKLGAAYRSDFTKDVTHLIAGDFDTPKYKFAAKSRPDIKIMSSEWIPVLYESWVQGEDLDDGLLVDKHLLPTLFKCRVCLTNIGQPERSRIENYVLKHGGTFCPDLTRDVTHLIAGTSSGRKYEYALKWKINVVCVEWLWQSIQRNAVLEPQYFQL:GYGRVESXPPAFLP,TPO
4l1u,THMVSLPEELNRVRLSRHKLERWCHMPFFAKTVTGCFVRIGIGNHNSKPVYRVAEITGVVETAKVYQLGGTRTNKGLQLRHGNDQRVFRLEFVSNQEFTESEFMKWKEAMFSAGMQLPTLDEINKKELSIKEAL:GSRXPMYG,TPO
3alo,WDFTAEDLKDLGEIGRGAYGSVNKMVHKPSGQIMAVKRIRSTVDEKEQKQLLMDLDVVMRSSDCPYIVQFYGALFREGDCWICMELMSTSFDKFYKYVYSVLDDVIPEEILGKITLATVKALNHLKENLKIIHRDIKPSNILLDRSGNIKLCDFGISGQLVDSIAKTRDAGCRPYMAPERIDPYDVRSDVWSLGITLYELATGRFPYPKWNSVFDQLTQVVKGDPPQLSNSEEREFSPSFINFVNLCLTKDESKRPKYKELLKHPFILMYEERAVEVACYVCKILDQMP:DDEMXGYA,TPO
1z3l,SSSNYCNQMMKSRNLTKDRCKPVNTFVHESLADVQAVCSQKNVACKNGQTNCYQSYSTMSITDCRETGSSKYPNCAYKTTQANKHIIVACEGNPYVPVHFDASV:KETAAAKXERQHXDS,ABA:NLE
4edu,DFHWEEYLKETGSISAPSECFRQSQIPPVNDFKVGMKLEARDPRNATSVCIATVIGITGARLRLRLDGSDNRNDFWRLVDSPDIQPVGTCEKEGDLLQPPLGYQMNTSSWPMFLLETLNGSEMASATLFKKEPPKPPLNNFKVGMKLEAIDKKNPYLICPATIGDVKGDEVHITFDGWSGAFDYWCKYDSRDIFPAGWCRLTGDVLQPPGT:VHRLLRXG,MLZ
4ihl,MDKNELVQKAKLAEQAERYDDMAACMKSVTEQGAELSNEERNLLSVAYKNVVGARRSSWRVVSSIEQKTEGAEKKQQMAREYREKIETELRDICNDVLSLLEKFLIPNASQAESKVFYLKMKGDYYRYLAEVAAGDDKKGIVDQSQQAYQEAFEISKKEMQPTHPIRLGLALNFSVFYYEILNSPEKACSLAKTAFDEAIAELDTLSEESYKDSTLIMQLLRDNLTLWTS:MDKNELVQKAKLAEQAERYDDMAACMKSVTEQGAELSNEERNLLSVAYKNVVGARRSSWRVVSSIEQKTEEKKQQMAREYREKIETELRDICNDVLSLLEKFLIPNASQAESKVFYLKMKGDYYRYLAEVAAGDKKGIVDQSQQAYQEAFEISKKEMQPTHPIRLGLALNFSVFYYEILNSPEKACSLAKTAFDEAIAELDTLSEESYKDSTLIMQLLRDNLTLWTS:HRYXTPHAQRSTXTPNV,SEP:SEP
3dpc,PEMPVLENRAAQGDITAPGGARRLTGDQTAALRDSLSDKPAKNIILLIGDGMGDSEITAARNYAEGAGGFFKGIDALPLTGQYTHYALNKKTGKPDYVTDLAASATAWSTGVKTYNGALGVDIHEKDHPTILEMAKAAGLATGNVSTAELQDATPAALVAHVTSRKCYGPSATSEKCPGNALEKGGKGSITEQLLNARADVTLGGGAKTFAETATAGEWQGKTLREQAQARGYQLVSDAASLNSVTEANQQKPLLGLFADGNMPVRWLGPKATYHGNIDKPAVTCTPNPQRNDSVPTLAQMTDKAIELLSKNEKGFFLQVEGASIDKQDHAANPCGQIGETVDLDEAVQRALEFAKKEGNTLVIVTADHAHASQIVAPDTKAPGLTQALNTKDGAVMVMSYGNSEEDSQEHTGSQLRIAAYGPHAANVVGLTDQTDLFYTMKAALGLK:HAXPPKKEAD,TPO
2x4y,DSPLDALDLVWAKCRGYPSYPALIIDPKMPREGMFHHGVPIPVPPLEVLKLGEQMTQEAREHLYLVLFFDNKRTWQWLPRTKLVPLGVNQDLDKEKMLEGRKSNIRKSVQIAYHRALQHRSKV:ARKSAPATGGVXK,M3L
1pfb,DLVYAAEKIIQKRVKKGVVEYRVKWKGWNQRYNTWEPEVNILDRRLIDIYEQTNK:LATKAARXSAP,M3L
1rbd,SSSNYCNQMMKSRNLTKDRCKPVNTFVHESLADVQAVCSQKNVACKNGQTNCYQSYSTMSITDCRETGSSKYPNCAYKTTQANKHIIVACEGNPYVPVHFDASV:KETAAAKFERQHXDSX,ABA:NH2
4gvc,GAMGKVTHSIHIEKSDTAADTYGFSLSSVEEDGIRRLYVNSVKETGLASKKGLKAGDEILEINNRAADALNSSMLKDFLSQPSLGLLVRTYPEL:TKQEEFXA,PTR
2ghq,QYLLPEAKAQDSDKICVVINLDETLVHSSFKPVNNADFIIPVEIDGVVHQVYVLKRPHVDEFLQRMGELFECVLFTASLAKYADPVADLLDKWGAFRARLFRESCVFHRGNYVKDLSRLGRDLRRVLILDNSPASYVFHPDNAVPVASWFDNMSDTELHDLLPFFEQLSRVDDVYSVLRQ:XPTXP,SEP:SEP
2jql,KRQQRSNKPSSEYTCLGHLVNLIPGKEQKVEITNRNVTTIGRSRSCDVILSEPDISTFHAEFHLLQMDVDNFQRNLINVIDKSRNGTFINGNRLVKKDYILKNGDRIVFGKSCSFLFKYASSSSTDIENDDEKVSSESRSY:NIXQPXQQST,TPO:TPO
3uvx,SMNPPPPETSNPNKPKRQTNQLQYLLRVVLKTLWKHQFAWPFQQPVDAVKLNLPDYYKIIKTPMDMGTIKKRLENNYYWNAQECIQDFNTMFTNCYIYNKPGDDIVLMAEALEKLFLQKINELPTEE:GXGGAXR,ALY:ALY
1nex,LKRDLITSLPFEISLKIFNYLQFEDIINSLGVSQNWNKIIRKSTSLWKKLLISENFVSPKGFNSLNLKLSQKYPKLSQQDRLRLSFLENIFILKNWYNPKFVPQRTTLRGHXTSVITCLQFEDNYVITGADDKXIRVYDSINKKFLLQLSGHDGGVWALKYAHGGILVSGSTDRTVRVWDIKKGCCTHVFEGHNSTVRCLDIVEYKNIKYIVTGSRDNTLHVWKLPKDYPLVFHTPEENPYFVGVLRGHXASVRTVSGHGNIVVSGSYDNTLIVWDVAQXKCLYILSGHTDRIYSTIYDHERKRCISASXDTTIRIWDLENGELXYTLQGHTALVGLLRLSDKFLVSAAADGSIRGWDANDYSRKFSYHHTNLSAITTFYVSDNILVSGSENQFNIYNLRSGKLVHANILKDADQIWSVNFKGKTLVAAVEKDGQSFLEILDFS:LXPP,MSE:MSE:MSE:MSE:MSE:MSE:TPO
2m0o,SRLSRSGASSLWDPASPAPTSGPRPRLWEGQDVLARWTDGLLYLGTIKKVDSAREVCLVQFEDDSQFLVLWKDISPAAL:ATGGVXKPHRY,M3L
1i8h,KVSVVRXPPKSPS:KLPPGWEKRMSRSSGRVYYFNHITNASQWERPSGNSSSG,TPO
3omh,MDQREILQKFLDEAQSKKITKEEFANEFLKLKRQSTKYKADKTYPTTVAEKPKNIKKNRYKDILPYDYSRVELSLITSDEDSSYINANFIKGVYGPKAYIATQGPLSTTLLDFWRMIWEYSVLIIVMACMEYEMGKKKCERYWAEPGEMQLEFGPFSVSCEAEKRKSDYIIRTLKVKFNSETRTIYQFHYKNWPDHDVPSSIDPILELIWDVRCYQEDDSVPICIHSSAGCGRTGVICAIDYTWMLLKDGIIPENFSVFSLIREMRTQRPSLVQTQEQYELVYNAVLELFKRQM:DGEEXDDPF,PTR
3mxc,MKPHPWFFGKIPRAKAEEMLSKQRHDGAFLIRESESAPGDFSLSVKFGNDVQHFKVLRDGAGKYFLWVVKFNSLNELVDYHRSTSVSRNQQIFLRDIE:GXENPTY,PTR
1j4p,ATQRFLIEKFSQEQIGENIVCRVICTTGQIPIRDLSADISQVLKEKRSIKKVWTFGRNPACDYHLGNISRLSNKHFQILLGEDGNLLLNDISTNGTWLNGQKVEKNSNQLLSQGDEITVGVGVESDILSLVIFINDKFKQCLEQNKVDRIR:KKMTFQXPTDPLE,TPO
3i91,RVFAAEALLKRRIRKGRMEYLVKWKGWSQKYSTWEPEENILDARLLAAFEER:QTARXSTG,M3L
3fxx,TQTVHEFAKELDATNISIDKVVGAGEFGEVCSGRLKLPSKKEISVAIKTLKVGYTEKQRRDFLGEASIMGQFDHPNIIRLEGVVTKSKPVMIVTEYMENGSLDSFLRKHDAQFTVIQLVGMLRGIASGMKYLSDMGYVHRDLAARNILINSNLVCKVSDFGLSRVLEDDGKIPIRWTSPEAIAYRKFTSASDVWSYGIVLWEVMSYGERPYWEMSNQDVIKAVDEGYRLPPPMDCPAALYQLMLDCWQKDRNNRPKFEQIVSILDKLIRNPGSLKIITAARPSNLLLD:QWDNYEXIW,PTR
1t15,RMSMVVSGLTPEEFMLVYKFARKHHITLTNLITEETTHVVMKTDAEFVCERTLKYFLGIAGGKWVVSYFWVTQSIKERKMLNEHDFEVRGDVVNGRNHQGPKRARESQDRKIFRGLEICCYGPFTNMPTDQLEWMVQLCGASVVKELSSFTLGTGVHPIVVVQPDAWTEDNGFHAIGQMCEAPVVTREWVLDSVALYQCQELDTYLIPQIP:STXPTFNK,SEP
3bu6,DEWEVSREKITLLRELGQGSFGMVYEGNARDIIKGEAETRVAVKTVNESASLRERIEFLNEASVMKGFTCHHVVRLLGVVSKGQPTLVVMELMAHGDLKSYLRSLRPEAENNPGRPPPTLQEMIQMAAEIADGMAYLNAKKFVHRDLAARNCMVAHDFTVKIGDFGMTRDIXETDXXRKGGKGLLPVRWMAPESLKDGVFTTSSDMWSFGVVLWEITSLAEQPYQGLSNEQVLKFVMDGGYLDQPDNCPERVTDLMRMCWQFNPNMRPTFLEIVNLLKDDLHPSFPEVSFFHSEENK:YNPYPEDXGDIEIG,PTR:PTR:PTR:PTR
3mxy,GSHMKPHPWFFGKIPRAKAEEMLSKQRHDGAFLIRESESAPGDFSLSVKFGNDVQHFKVLRDGAGKYFLWVVKFNSLNELVDYHRSTSVSRNQQIFLRDIE:GXVNPTY,PTR
1nzs,DDEAXXXVXKXEXXQVAPA,SEP:TPO:TPO:SEP:TPO:TPO:SEP
3fqx,GSHSMRYFFTSVSRPGRGEPRFIAVGYVDDTQFVRFDSDAASQRMEPRAPWIEQEGPEYWDGETRKVKAHSQTHRVDLGTLRGYYNQSEAGSHTVQRMYGCDVGSDWRFLRGYHQYAYDGKDYIALKEDLRSWTAADMAAQTTKHKWEAAHVAEQLRAYLEGTCVEWLRRYLENGKETLQRTDAPKTHMTHHAVSDHEATLRCWALSFYPAEITLTWQRDGEDQTQDTELVETRPAGDGTFQKWAAVVVPSGQEQRYTCHVQHEGLPKPLTLRWE:RVAXPTSGV,SEP
3wdz,GRLIYTAGGYFRQSLSYLEAYNPSNGSWLRLADLQVPRSGLAGCVVGGLLYAVGGRNNSPDGNTDSSALDCYNPMTNQWSPCASMSVPRNRIGVGVIDGHIYAVGGSHGCIHHSSVERYEPERDEWHLVAPMLTRRIGVGVAVLNRLLYAVGGFDGTNRLNSAECYYPERNEWRMITPMNTIRSGAGVCVLHNCIYAAGGYDGQDQLNSVERYDVETETWTFVAPMRHHRSALGITVHQGKIYVLGGYDGHTFLDSVECYDPDSDTWSEVTRMTSGRSGVGVAVT:KEVDPXTGELQ,SEP
1s5p,KPRVLVLTGAGISAESGIRTFRAADGLWEEHRVEDVATPEGFDRDPELVQAFYNARRRQLQQPEIQPNAAHLALAKLQDALGDRFLLVTQNIDNLHERAGNTNVIHMHGELLKVRCSQSGQVLDWTGDVTPEDKCPLRPHVVWFGEMPLGMDEIYMALSMADIFIAIGTSGHVYPAAGFVHEAKLHGAHTVELNLEPSQEFAEKYYGPASQVVPEFVEKLLKGLK:KGGAXRHR,ALY
3kmz,TPEVGELIEKVRKAHQETFPALCQLGKYTTNNSSEQRVSLDIDLWDKFSELSTKCIIKTVEFAKQLPGFTTLTIADQITLLKAACLDILILRICTRYTPEQDTMTFSDGLTLNRTQMHNAGFGPLTDLVFAFANQLLPLEMDDAETGLLSAICLICGDRQDLEQPDRVDMLQEPLLEALKVYVRKRRPSRPHMFPKMLMKITDLRSISAKGAERVITLKME:RLITLADHIXQIITQDFAR,CSO
2h6k,PVKPNYALKFTLAGHTKAVSSVKFSPNGEWLASSSADKLIKIWGAYDGKFEKTISGHKLGISDVAWSSDSNLLVSASDDKTLKIWDVSSGKCLKTLKGHSNYVFCCNFNPQSNLIVSGSFDESVRIWDVKTGKCLKTLPAHSDPVSAVHFNRDGSLIVSSSYDGLCRIWDTASGQCLKTLIDDDNPPVSFVKFSPNGKYILAATLDNTLKLWDYSKGKCLKTYTGHKNEKYCIFANFSVTGGKWIVSGSEDNLVYIWNLQTKEIVQKLQGHTDVVISTACHPTENIIASAALENDKTIKLWKSDC:ARTXQTARK,MLZ
2pie,GAHMAGGRSWCLRRVGMSAGWLLLEDGCEVTVGRGFGVTYQLVSKICPLMISRNHCVLKQNPEGQWTIMDNKSLNGVWLNRARLEPLRVYSIHQGDYIQLGVPLENKENAEYEYEVTEEDWETIYPCLSPKN:ELKXERY,TPO
1ai1,QVKLQESGPAVIKPSQSLSLTCIVSGFSITRTNYCWHWIRQAPGKGLEWMGRICYEGSIYYSPSIKSRSTISRDTSLNKFFIQLISVTNEDTAMYYCSRENHMYETYFDVWGQGTTVTVSSAKTTPPSVYPLAPGSAAQTNSMVTLGCLVKGYFPEPVTVTWNSGSLSSGVHTFPAVLQSDLYTLSSSVTVPSSPRPSETVTCNVAHPASSTKVDKKIVPR:HIGPGRXFYT,AIB
1f3r,WNPGDYGGIX:QVQLLESGPGLVRPSETLSLTCTVSGFSLTSFSVSWVRHPSGKGPEWMGRMWYDGYTAYNSALKSRLSISRDTSKNQVFLKMNSLQTDDTGTYYCTRDLYGGYPLGFWYFDFWGPGTMVTVSSGGGGSGGGGSGGGGSDIKLTQSPSLLSASVGDRVTLSCKGSQNINNYLAWYQQKLGEAPKLLIYNTNSLQTGIPSRFSGSGSGTDYTLTISSLQPEDVATYFCYQYNNGYTFGAGTKLELKAAEQKLISEEDLN,NLE
2v86,GPLGSPEFGYWITCCPTCDVDINTWVPFYSTELNKPAMIYCSHGDGHWVHAQCMDLEERTLIHLSEGSNKYYCNEHVQIARA:AXTXQTARA,DA2:M3L
1yrk,GSHMAPFLRIAFNSYELGSLQAEDEANQPFCAVKMKEALSTERGKTLVQKKPTMYPEWKSTFDAHIYEGRVIQIVLMRAAEEPVSEVTVGVSVLAERCKKNNGKAEFWLDLQPQAKVLMSVQYFLE:MALYSIXQPYVFA,PTR
3k27,YSFKCVNSLKEDHNQPLFGVQFNWHSKEGDPLVFATVGSNRVTLYECHSQGEIRLLQSYVDADADENFYTCAWTYDSNTSHPLLAVAGSRGIIRIINPITMQCIKHYVGHGNAINELKFHPRDPNLLLSVSKDHALRLWNIQTDTLVAIFGGVEGHRDEVLSADYDLLGEKIMSCGMDHSLKLWRINSKRMMNAIKESYDYNPNKTNRPFISQKIHFPDFSTRDIHRNYVDCVRWLGDLILSKSCENAIVCWKPGKMEDDIDKIKPSESNVTILGRFDYSQCDIWYMRFSMDFWQKMLALGNQVGKLYVWDLEVEDPHKAKCTTLTHHKCGAAIRQTSFSRDSSILIAVCDDASIWRWDR:TARXSTG,M3L
3cmh,LDKEXVYFCHLDIIW,AIB
3ejh,DQCIVDDITYNVQDTFHKKHEEGHMLNCTCFGQGRGRWKCDPVDQCQDSETGTFYQIGDSWEKYVHGVRYQCYCYGRGIGEWHCQPLQTYP:VVGLXGQRGERGFXG,HYP:HYP
2ast,QIYYSDKYDDEEFEYRHVMLPKDIAKLVPKTHLMSESEWRNLGVQQSQGWVHYMIHEPEPHILLFRRPL:AGSVEQXPKK,TPO
2pld,GSPGIHESKEWYHASLTRAQAEHMLMRVPRDGAFLVRKRNEPNSYAISFRAEGKIKHCRVQQEGQTVMLGNSEFDSLVDLISYYEKHPLYRKMKLRYPINEENSS:DNDXIIPLPDPK,PTR
2kwn,GSYCDFCLGGSNMNKKSGRPEELVSCADCGRSGHPTCLQFTLNMTEAVKTYKWQCIECKSCILCGTSENDDQLLFCDDCDRGYHMYCLNPPVAEPPEGSWSCHLCWELLKEKAS:GLGKGGAXRHRKVLR,ALY
3n9n,PKESDRCGGCGKFTHEDKKNDFQWIGCDSCQTWYHFLCSGLEQFEYYLYEKFFCPKCVPHTGHSIRYKVVAPHRYRWYSPNEKHLGIEVGSKTWIEDFITRENTVPSPTDDEVCIVEDGYEFRREFEKLGGADNWGKVFMVKDMDGLNMTMPKPGFDLEDVVKIMGSDYEVDTIDVYNQSTYSMKLDTFRKLFRDTKNRPLLYNFLSLEFSDNNEMKEIAKPPRFVQEISMVNRLWPDVSGAEYIKLLQREEYLPEDQRPKVEQFCLAGMAGSYTDFHVDFGGSSVYYHILKGEKIFYIAAPTEQNFAAYQAHETSPDTTTWFGDIANGAVKRVVIKEGQTLLIPAGWIHAVLTPVDSLVFGGNFLHLGNLEMQMRVYHLENAIRKEIRSEEKFYFPNFELLHWMYMRNVLLEKITEANQEGSDMREQEKNIWTASQIMKAEMERWMDRELRLGPEKNAILPTDDKNKIMISVRKQIEIQTKIQNAK:ARTXQT:QTARXSTGGK,M3L:MLY
1q1a,TASTEMSVRKIAAHMKSNPNAKVIFMVGAGISTSCGIPDFRSPGTGLYHNLARLKLPYPEAVFDVDFFQSDPLPFYTLAKELYPGNFRPSKFHYLLKLFQDKDVLKRVYTQNIDTLERQAGVKDDLIIEAHGSFAHCHCIGCGKVYPPQVFKSKLAEHPIKDFVKCDVCGELVKPAIVFFGEDLPDSFSETWLNDSEWLREKITTPQQPLVIVVGTSLAVYPFASLPEEIPRKVKRVLCNLETVGDFKANKRPTDLIVHQYSDEFAEQLVEELGWQEDFEKILTA:KGGAXRHRKI,ALY
2x4x,DSPLDALDLVWAKCRGYPSYPALIIDPKMPREGMFHHGVPIPVPPLEVLKLGEQMTQEAREHLYLVLFFDNKRTWQWLPRTKLVPLGVNQDLDKEKMLEGRKSNIRKSVQIAYHRALQHRSKVQGE:SAPATGGVXKP,M3L
1j4q,ATQRFLIEKFSQEQIGENIVCRVICTTGQIPIRDLSADISQVLKEKRSIKKVWTFGRNPACDYHLGNISRLSNKHFQILLGEDGNLLLNDISTNGTWLNGQKVEKNSNQLLSQGDEITVGVGVESDILSLVIFINDKFKQCLEQNKVDRIR:SLEVXEADATFVQ,TPO
1f58,DVQLQQSGPDLVKPSQSLSLTCTVTGYSITSGYSWHWIRQFPGNKLEWMGYIHYSAGTNYNPSLKSRISITRDTSKNQFFLQLNSVTTEDTATYYCAREEAMPYGNQAYYYAMDCWGQGTTVTVSSAKTTPPSVYPLAPGSAAQTNSMVTLGCLVKGYFPEPVTVTWNSGSLSSGVHTFPAVLQSDLYTLSSSVTVPSSPRPSETVTCNVAHPASSTKVDKKIVPRDC:RIHIGPGRXFY,AIB
3dpo,VLLLDVTPLSLGIETMGGVMTTLIAKNTTIPTKHSQVFSTAEDNQSAVTIHVLQGERKRAADNKSLGQFNLDGINPAPRGMPQIEVTFDIDADGILHVSAKDKNSGKEQKITIKASSGLNEDEIQKMVRDAEANAEADRKFEELVQTRNQGDHLLHSTRKQVEEAGDKLPADDKTAIESALTALETALKGEDKAAIEAKMQELAQVSQKLMEI:KLYXLPRPT,ALC
3a0a,GPPGPPGPPGXPGPPGPPGPPGP:GPPGPPGXPGPPGPPGPPGPPG:PPGPPGPPGXPGPPGPPGPPGPPG,HYP:HYP:HYP
4fl5,GAMGSMERASLIQKAKLAEQAERYEDMAAFMKGAVEKGEELSXEERNLLSVAYKNVVGGQRAAWRVLSSIEQKSNKGPEVREYREKVETELQGVCDTVLGLLDSHLIKEAGDAESRVFYLKMKGDYYRYLAEVATGDDKKRIIDSARSAYQEAMDISKKEMPPTNPIRLGLALNFSVFHYEIANSPEEAISLAKTTFDEAMADLHTLSEDSYKDSTLIMQLLRDNLTLWT:RTPXLPTP,CSO:SEP
3tu7,IVEGSDAEIGMSPWQVMLFRKSPQELLCGASLISDRWVLTAAHCLLYPPWDKNFTENDLLVRIGKHSRTRYERNIEKISMLEKIYIHPRYNWRENLDRDIALMKLKKPVAFSDYIHPVCLPDRETAASLLQAGYKGRVTGWGNLKEGQPSVLQVVNLPIVERPVCKDSTRIRITDNMFCAGYKPDEGKRGDACEGDSGGPFVMKSPFNNRWYQMGIVSWGEGCDRDGKYGFYTHVFRLKKWIQKVIDQFG:DFEEIPEEXLQ:FGSGEADCGLRPLFEKKSLEDKTERELLESY,PTR
1z3m,SSSNYCNQMMKSRNLTKDRCKPVNTFVHESLADVQAVCSQKNVACKNGQTNCYQSYSTMSITDCRETGSSKYPNCAYKTTQANKHIIVACEGNPYVPVHFDASV:KETAAAKXERQHXDS,NVA:NLE
2z8p,EIPSTNKHLKNNFNSLHNQMRKMPVSHFKEALDVPDYSGMRQSGFFAMSQGFQLNNHGYDVFIHARRESPQSQGKFAGDKFHISVLRDMVPQAFQALSGLLFSEDSPVDKWAVTDMEKVVQQARVSLGAQFTLYIKPDQENSQYSASFLHKTRQFIECLESRLSENGVISGQCPESDVHPENWKYLSYRNELRSGRDGGEMQRQALREEPFYRLMTE:GEAXVXA,TPO:PTR
2pnx,EPTYCLCHQVSYGEMIGCDNPDCSIEWFHFACVGLTTKPRGKWFCPRCSQE:ARTXQTAR,M3L
4b9w,LEWTWVEFTVDETVDVVVCMMYSPGEFYCHFLKDDALEKLDDLNQSLADYCAQKPPNGFKAEIGRPCCAFFSGDGNWYRALVKEILPSGNVKVHFVDYGNVEEVTTDQLQAILPQFLLLPFQGMQCWLVDIQPPNKHWTKEATARFQACVVGLKLQARVVEITANGVGVELTDLSTPYPKIISDVLIREQLVLRCG:AGXGLVFR,2MR
1gxc,PWARLWALQDGFANLECVNDNYWFGRDKSCEYCFDEPLLKRTDKYRTYSKKHFRIFREVGPKNSYIAYIEDHSGNGTFVNTELVGKGKRRPLNNNSEIALSLSRNKVFVFFDLTVD:HFDXYLIR,TPO
2rsn,MVSVKPLPDIDSNEGETDADVYEVEDILADRVNKNGINEYYIKWAGYDWYDNTWEPEQNLFGAEKVLKKWKKRKK:ARTKQTARXSTGGKAPRY,M3L
4ft2,EPEFIGSPVAADEARSNWPKRYLKARCHYRSAKVDNVVYCLGDDVYVKAGENEADYIGRITEFFEGTDQCHYFTCRWFFRAEDTVINSLVSISVDGHKHDPRRVFLSEEKNDNVLDCIISKVKIVHVDPNMDPKAKAQLIESCDLYYDMSYSVAYSTFANTRTATLLDLYSGCGGMSTGLCLGAALSGLKLETRWAVDFNSFACQSLKYNHPQTEVRNEKADEFLALLKEWAVLCKKYVEFVVEKLVGICYGGSDRENGIYFKVQWEGYGPEEDTWEPIDNLSDCPQKIREFVQEGHKRKILPLPGDVDVICGGPPCQKDEKNKQMVTFMDIVAYLKPKYVLMENVVDILKFADGYLGKYALSCLVAMKYQARLGMMVAGCYGLPQFRMRVFLWGALSSMVLPKYPLPTYDVVVRGGAPNAFSQCMVAYDETQKPSLKKALLLGDAISDLPKVQNHQPNDVMEYGGSPKTEFQRYIRLSRKDMLDWSFGEGAGPDEGKLLDHQPLRLNNDDYERVQQIPVKKGANFRDLKGVRVGANNIVEWDPEIERVKLSSGKPLVPDYAMSFIKGKSLKPFGRLWWDETVPTVVTRAEPHNQVIIHPTQARVLTIRENARLQGFPDYYRLFGPIKEKYIQVGNAVAVPVARALGYCLGQAYLGESEGSDPLYQLPPS:QTARXST,MLY
1ayc,RRWFHPNITGVEAENLLLTRGVDGSFLARPSKSNPGDFTLSVRRNGAVTHIKIQNTGDYYDLYGGEKFATLAELVQYYMEHHGQLKEKNGDVIELKYPLN:GGXMDMS,PTR
2vpg,MAVYPCGICTNEVNDDQDAILCEASCQKWFHRICTGMTETAYGLLTAEASAVWGCDTCMAD:GAMVYVFSTEMANKAAEAVLKGQVETIVSF:AXTXQTA,DA2:MLY
2mfq,SHMDTVPDNHRNKFKVINVDDDGNELGSGIMELTDTELILYTRKRDSVKWHYLCLRRYGYDSNLFSFESGRRCQTGQGIFAFKCARAEELFNMLQEIMQNNSINVVEEPVVERNN:GPDAVIIGMTKIPVIENPQXFGI,PTR
3svm,EDVFEVEKILDMKTEGGKVLYKVRWKGYTSDDDTWEPEIHLEDCKEVLLEFRKKIAENKA:YEPSTTARXVGR,MLY
3ob2,SFLQRXXSDPT:MVEKCWKLMDKVVRLCQNPKLALKNSPPYILDLLPDTYQHLRTILSRYEGKMETLGENEYFRVFMENLMKKTKQTISLFKEGKERMYEENSQPRRNLTKLSLIFSHMLAELKGIFPSGLFQGDTFRITKADAAEFWRKAFGEKTIVPWKSFRQALHEVHPISSGLEAMALKSTIDLTCNDYISVFEFDIFTRLFQPWSSLLRNWNSLAVTHPGYMAFLTYDEVKARLQKFIHKPGSYIFRLSCTRLGQWAIGYVTADGNILQTIPHNKPLFQALIDGFREGFYLFPDGRNQNPDLT,PTR:SEP
1eeo,EMEKEFEQIDKSGSWAAIYQDIRHEASDFPCRVAKLPKNKNRNRYRDVSPFDHSRIKLHQEDNDYINASLIKMEEAQRSYILTQGPLPNTCGHFWEMVWEQKSRGVVMLNRVMEKGSLKCAQYWPQKEEKEMIFEDTNLKLTLISEDIKSYYTVRQLELENLTTQETREILHFHYTTWPDFGVPESPASFLNFLFKVRESGSLSPEHGPVVVHSSAGIGRSGTFCLADTCLLLMDKRKDPSSVDIKKVLLEMRKFRMGLIQTADQLRFSYLAVIEGAKFIMGDSSVQDQWKELSHED:LEFXMDYEX,PTR:NH2
4j6s,ASVGLVDREQLVQKARLAEQAERYDDMAAAMKNVTELNEPLSNEERNLLSVAYKNVVGARRSSWRVISSIEQKTSADGNEKKIEMVRAYREKIEKELEAVCQDVLSLLDNYLIKNCSETQYESKVFYLKMKGDYYRYLAEVATGEKRATVVESSEKAYSEAHEISKEHMQPTHPIRLGLALNYSVFYYEIQNAPEQACHLAKTAFDDAIAELDTLNEDSYKDSTLIMQLLRDNLTLWTSDQQD:RRAVXELDA,SEP
2gfr,XPDPNAFYGLM,PCA
3lw1,GAMGSMERASLIQKAKLAEQAERYEDMAAFMKGAVEKGEELSXEERNLLSVAYKNVVGGQRAAWRVLSSIEQKSNEEGSEEKGPEVREYREKVETELQGVCDTVLGLLDSHLIKEAGDAESRVFYLKMKGDYYRYLAEVATGDKKRIIDSARSAYQEAMDISKKEMPPTNPIRLGLALNFSVFHYEIANSPEEAISLAKTTFDEAMADLHTLSEDSYKDSTLIMQLLRDNLTLWT:FKXEGPD,CSO:TPO
4iur,SADLAFEAKSARDYAWYDVSSFLTYRVLRTGELEVRVRFSGFDNRHDEWVNVKTSVRERSIPVEPSECGRVNVGDLLLCFQEREDQALYCDGHVLNIKRGIHDHARCNCVFLVRYELDNTEESLGLERICRRP:TKQTARXS,M3L
1y98,RMSMVVSGLTPEEFMLVYKFARKHHITLTNLITEETTHVVMKTDAEFVCERTLKYFLGIAGGKWVVSYFWVTQSIKERKMLNEHDFEVRGDVVNGRNHQGPKRARESQDRKIFRGLEICCYGPFTNMPTDQLEWMVQLCGASVVKELSSFTLGTGVHPIVVVQPDAWTEDNGFHAIGQMCEAPVVTREWVLDSVALYQCQELDTYLIPQIP:PTRVSXPVFGAT,SEP
3l6f,EEHVIIQAEFYLNPDQSGEFMFDFDGDEIFHVDMAKKETVWRLEEFGRFASFEAQGALANIAVDKANLEIMTKRSNYTPITNVPPEVTVLTNSPVELREPNVLICFIDKFTPPVVNVTWLRNGKPVTTGVSETVFLPREDHLFRKFHYLPFLPSTEDVYDCRVEHWGLDEPLLKQWEF:MGDTRPRFLWQLKFECHFFNGTERVRLLERCIYNQEESVRFDSDVGEYRAVTELGRPDAEYWNSQKDLLEQRRAAVDTYCRHNYGVGESFTVQRRVEPKVTVYPSKTQPLQHHNLLVCSVSGFYPGSIEVRWFRNGQEEKAGVVSTGLIQNGDWTFQTLVMLETVPRSGEVYTCQVEHPSVTSPLTVEWRA:APPAYEKLXAEQSPP,SEP
2g35,LKTYGVSFFLVKEKMKGKNKLVPRLLGITKECVMRVDEKTKEVIQEWSLTNIKRWAASPKSFTLDFGDYQDGYYSVQTTEGEQIAQLIAGYIDIILKKKK:SWVXSPLH,PTR
2hwl,FGSGEADCGLRPLFEKKSLEDKTERELLESYID:IVEGSDAEIGMSPWQVMLFRKSPQELLCGASLISDRWVLTAAHCLLYPPWDKNFTENDLLVRIGKHSRTRYEANIEKISMLEKIYIHPRYNWRENLDRDIALMKLKKPVAFSDYIHPVCLPDRETAASLLQAGYKGRVTGWGNLKETKGQPSVLQVVNLPIVERPVCKDSTRIRITDNMFCAGYKPDEGKRGDACEGDSGGPFVMKSPFNNRWYQMGIVSWGEGCDRDGKYGFYTHVFRLKKWIQKVIDQF:PAETEXDSLXPEDD,PTR:PTR
1oo4,GMNNNMSLQDAEWYWGDISREEVNEKLRDTADGTFLVRDASTKMHGDYTLTLRKGGNNKSIKIFHRDGKYGFSDSLTFNSVVELINHYRNESLAQYNPKLDVKLLYPVSKY:SVDXVPML,PTR
2q8c,SESETLNPSARIMTFYPTMEEFRNFSRYIAYIESQGAHRAGLAKVVPPKEWKPRASYDDIDDLVIPAPIQQLVTGQSGLFTQYNIQKKAMTVREFRKIANSDKYCTPRYSEFEELERKYWKNLTFNPPIYGADVNGTLYEKHVDEWNIGRLRTILDLVEKESGITIEGVNTPYLYFGMWKTSFAWHTEDMDLYSINYLHFGEPKSWYSVPPEHGKRLERLAKGFFPGSAQSCEAFLRHKMTLISPLMLKKYGIPFDKVTQEAGEFMITFPYGYHAGFNHGFNCAESTNFATRRWIEYGKQAVLCSCRKDMVKISMDVFVRKFQPERYKLWKAGKDNTVIDHTLPT:ARXS,M3L
2g6q,EPTYCLCNQVSYGEMIGCDNEQCPIEWFHFSCVSLTYKPKGKWYCPKCRGDN:ARTXQTAR,M3L
3uat,SLYVRALFDYDKTKDSGLPSQGLNFKFGDILHVINASDDEWWQARQVTPDGESDEVGVIPSKRRVEKKERARLKVLSYEPVNQQEVNYTRPVIILGPMKDRVNDDLISEFPDKFGSCVPHTTRPKRDYEVDGRDYHFVTSREQMEKDIQEHKFIEAGQYNNHLYGTSVQSVRAVAEKGKHCILDVSGNAIKRLQIAQLYPISIFIKPKSMENIMEMNKRLTDEQARKTFERAVRLEQEFTEHFTAIVQGDTLEDIYNQVKQIIEEQSGPYIWVPAK:RRHXMENLELMKLTP,SEP
4k45,QAESKEWYHASLTRAQAEHMLMRVPRDGAFLVRKRNEPNSYAISFRAEGKIKHCRVQQEGQTVMLGNSEFDSLVDLISYYEKHPLYRKMKLRYPINEEALEK:PGFXVEAN,PTR
3bgm,GSHSMRYFFTSVSRPGRGEPRFIAVGYVDDTQFVRFDSDAASQRMEPRAPWIEQEGPEYWDGETRKVKAHSQTHRVDLGTLRGYYNQSEAGSHTVQRMYGCDVGSDWRFLRGYHQYAYDGKDYIALKEDLRSWTAADMAAQTTKHKWEAAHVAEQLRAYLEGTCVEWLRRYLENGKETLQRTDAPKTHMTHHAVSDHEATLRCWALSFYPAEITLTWQRDGEDQTQDTELVETRPAGDGTFQKWAAVVVPSGQEQRYTCHVQHEGLPKPLTLRW:RQAXLSISV,SEP
1fbv,PPGTVDKKMVEKCWKLMDKVVRLCQNPKLALKNSPPYILDLLPDTYQHLRTILSRYEGKMETLGENEYFRVFMENLMKKTKQTISLFKEGKERMYEENSQPRRNLTKLSLIFSHMLAELKGIFPSGLFQGDTFRITKADAAEFWRKAFGEKTIVPWKSFRQALHEVHPISSGLEAMALKSTIDLTCNDYISVFEFDIFTRLFQPWSSLLRNWNSLAVTHPGYMAFLTYDEVKARLQKFIHKPGSYIFRLSCTRLGQWAIGYVTADGNILQTIPHNKPLFQALIDGFREGFYLFPDGRNQNPDLTGLCEPTPQDHIKVTQEQYELYCEMGSTFQLCKICAENDKDVKIEPCGHLMCTSCLTSWQESEGQGCPFCRCEIKGTEPIVVDPF:SDGXTPEPA,PTR
2laz,ELPEGYEQRTTVQGQVYFLHTQTGVSTWHDPRI:SDPGXPFQ,SEP
2l3r,GMWDETELGLYKVNEYVDARDTNMGAWFEAQVVRVTRKAPSRDEPCSSTSRPALEEDVIYHVKYDDYPENGVVQMNSRDVRARARTIIKWQDLEVGQVVMLNYNPDNPKERGFWYDAEISRKRETRTARELYANVVLGDDSLNDCRIIFVDEVFKIERPGE:ARTKQTARXST,M3L
3va4,MEPIGQLRLFSGTHGPERDFPLYLGKNVVGRSPDCSVALPFPSISKQHAVIEISAWNKAPILQDCGSLNGTQIVKPPRVLPPGVSHRLRDQELILFADFPCQYHRLDV:VSXQELYS,TPO
2lto,MKMWKPGDECFALYWEDNKFYRAEVEALHSSGMTAVVKFIDYGNYEEVLLSNIKPILE:YSPSSPXYTPQSP,DA2
2rt5,VDMVQLLKKYPIVWQGLLALKNDTAAVQLHFVSGNNVLAHRSLPLSEGGPPLRIAQRMRLEATQLEGVARRMTVETDYCLLLALPCGRDQEDVVSQTESLKAAFITYLQAKQAAGIINVPNPGSNQPAYVLQIFPPCEFSESHLSRLAPDLLASISNISPHLMIVIASV:YETLXDXE,SEP:SEP
4iea,AMGSMERASLIQKAKLAEQAERYEDMAAFMKGAVEKGEELSCEERNLLSVAYKNVVGGQRAAWRVLSSIEQKSNEKGPEVREYREKVETELQGVCDTVLGLLDSHLIKEAGDAESRVFYLKMKGDYYRYLAEVATGDDKKRIIDSARSAYQEAMDISKKEMPPTNPIRLGLALNFSVFHYEIANSPEEAISLAKTTFDEAMADLHTLSEDSYKDSTLIMQLLRDNLTLWT:RSAXEPSL,SEP
3omc,SYKPVFVTEITDDLHFYVQDVETGTQLEKLMENMRNDIASHPPVEGSYAPRRGEFCIAKFVDGEWYRARVEKVESPAKIHVFYIDYGNREVLPSTRLGTLSPAFSTRVLPAQATEYAFAFIQVPQDDDARTDAVDSVVRDIQNTQCLLNVEHLSAGCPHVTLQFADSKGDVGLGLVKEGLVMVEVRKEKQFQKVITEYLNAQESAKSARLNLWRYGD:GXARARA,2MR
1z3p,SSSNYCNQMMKSRNLTKDRCKPVNTFVHESLADVQAVCSQKNVACKNGQTNCYQSYSTMSITDCRETGSSKYPNCAYKTTQANKHIIVACEGNPYVPVHFDASV:KETAAAKFERQHXDS,NVA
4lor,PTMYGEILSPNYPQAYPSEVEKSWDIEVPEGYGIHLYFTHLDIELSENCAYDSVQIISGDTEEGRLCGQRSSNNPHSPIVEEFQVPYNKLQVIFKSDFSNEERFTGFAAYYVATDINECTDFVDVPCSHFCNNFIGGYFCSCPPEYFLHDDMKNCGVNCSGDVFTALIGEIASPNYPKPYPENSRCEYQIRLEKGFQVVVTLRREDFDVEAADSAGNCLDSLVFVAGDRQFGPYCGHGFPGPLNIETKSNALDIIFQTDLTGQKKGWKLRYHGDPM:XGPXGPXGPXGKLGPXGPXGPXG:XGPXGPXGPXGKLGPXGPXGPXG:GPXGPXGPXGPXGKLGPXGPXGP,HYP:HYP:HYP:HYP:HYP:HYP:HYP:HYP:HYP:HYP:HYP:HYP:HYP:HYP:HYP:HYP:HYP:HYP:HYP:HYP
1cfn,QDQLQQSGAELVRPGASVKLSCKALGYIFTDYEIHWVKQTPVHGLEWIGGIHPGSSGTAYNQKFKGKATLTADKSSTTAFMELSSLTSEDSAVYYCTRKDYWGQGTLVTVSAAKTTAPSVYPLVPVCGGTTGSSVTLGCLVKGYFPEPVTLTWNSGSLSSGVHTFPALLQSGLYTLSSSVTVTSNTWPSQTITCNVAHPASSTKVDKKIEPRV:GATPQDLNTX,NLE
3muk,MGSTNPPPPETSNPNKPKRQTNQLQYLLRVVLKTLWKHQFAWPFQQPVDAVKLNLPDYYKIIKTPMDMGTIKKRLENNYYWNAQECIQDFNTMFTNCYIYNKPGDDIVLMAEALEKLFLQKINELPT:ATXAARK,PRK
4ch2,TFGSGEADCGLRPLFEKKSLEDKTERELLESY:IVEGSDAEIGMSPWQVMLFRKSPQELLCGASLISDRWVLTAAHCLLYPPWDKNFTENDLLVRIGKHSRTRYERNIEKISMLEKIYIHPRYNWRENLDRDIALMKLKKPVAFSDYIHPVCLPDRETAASLLQAGYKGRVTGWGNLKETWTANVGKGQPSVLQVVNLPIVERPVCKDSTRIRITDNMFCAGYKPDEGKRGDACEGDSGGPFVMKSPFNNRWYQMGIVSWGEGCDRDGKYGFYTHVFRLKKWIQKVIDQFG:DLXDXXP,PTR:PTR:PTR
4ezh,ESYLSPAQSVKPKINTEEKLPREKLNPPTPSIYLESKRDAFSPVLLQFCTDPRNPITVIRGLAGSLRLNLGLFSTKTLVEASGEHTVEVRTQVQQPSDENWDLTGTRQIWPCESSRSHTTIAKYAQYQASSFQESLQEELEVLFQHHIIKFGTNIDLSDAKRWKPQLQELLKLPAFMRVTSTGNMLSHVGHTILGMNTVQLYMKVPGSRTPGHQENNNFCSVNINIGPGDCEWFAVHEHYWETISAFCDRHGVDYLTGSWWPILDDLYASNIPVYRFVQRPGDLVWINAGTVHWVQATGWCNNIAWNVGPLTAYQYQLALERYEWNEVKNVKSIVPMIHVSWNVARTVKISDPDLFKMIKFCLLQSMKHCQVQRESLVRAGKKIAYQGRVKDEPAYYCNECDVEVFNILFVTSTYLVHCEGCARRRSAGLQGVVVLEQYRTEELAQAYDAFTLAP:AARXSAPATGG,M3L
1f1w,MAEEWYFGKITRRESERLLLNPENPRGTFLVRESETTKGAYCLSVSDFDNAKGLNVKHYKIRKLDSGGFYIWSRTQFSSLQQLVAYYSKHADGLCHRLTNVCPT:SXVNVQN,PTR
3bhb,GSHSMRYFFTSVSRPGRGEPRFIAVGYVDDTQFVRFDSDAASQRMEPRAPWIEQEGPEYWDGETRKVKAHSQTHRVDLGTLRGYYNQSEAGSHTVQRMYGCDVGSDWRFLRGYHQYAYDGKDYIALKEDLRSWTAADMAAQTTKHKWEAAHVAEQLRAYLEGTCVEWLRRYLENGKETLQRTDAPKTHMTHHAVSDHEATLRCWALSFYPAEITLTWQRDGEDQTQDTELVETRPAGDGTFQKWAAVVVPSGQEQRYTCHVQHEGLPKPLTLRW:KMDXFLDMQL,SEP
2oq6,LNPSARIMTFYPTMEEFRNFSRYIAYIESQGAHRAGLAKVVPPKEWKPRASYDDIDDLVIPAPIQQLVTGQSGLFTQYNIQKKAMTVREFRKIANSDKYCTPRYSEFEELERKYWKNLTFNPPIYGADVNGTLYEKHVDEWNIGRLRTILDLVEKESGITIEGVNTPYLYFGMWKTSFAWHTEDMDLYSINYLHFGEPKSWYSVPPEHGKRLERLAKGFFPGSAQSCEAFLRHKMTLISPLMLKKYGIPFDKVTQEAGEFMITFPYGYHAGFNHGFNCAESTNFATRRWIEYGKQAVLCSCRKDMVKISMDVFVRKFQPERYKLWKAGKDNTVIDHTLPTPEAAEFLK:ARXSTGGX,M3L:ALY
1j4l,GNGRFLTLKPLPDSIIQESLEIQQGVNPFFIGRSEDCNCKIEDNRLSRVHCFIFKKRHAVGKSMYESPAQGLDDIWYCHTGTNVSYLNNNRMIQGTKFLLQDGDEIKIIWDKNNKFVIGFKVEINDTTGLFNEGLGMLQEQRVVLKQTAEEKDLVKKL:EVELXQELP,TPO
3dpp,VLLLDVTPLSLGIETMGGVMTTLIAKNTTIPTKHSQVFSTAEDNQSAVTIHVLQGERKRAADNKSLGQFNLDGINPAPRGMPQIEVTFDIDADGILHVSAKDKNSGKEQKITIKASSGLNEDEIQKMVRDAEANAEADRKFEELVQTRNQGDHLLHSTRKQVEEAGDKLPADDKTAIESALTALETALKGEDKAAIEAKMQELAQVSQKLME:KLYXLPRPT,ALC
1pdq,DLVYAAEKIIQKRVKKGVVEYRVKWKGWNQRYNTWEPEVNILDRRLIDIYE:LATKAARXS,M3L
3u5p,DPNEDWCAVCQNGGDLLCCEKCPKVFHLTCHVPTLLSFPSGDWICTFCRDIGKPEVEYDCDNLQHSKGLSPVDQRKCERLLLYLYCHELSIEFQEPVPASIPNYYKIIKKPMDLSTVKKKLQKKHSQHYQIPDDFVADVRLIFKNCERFNEMMKVVQVYASEVAQAGKAVALYFEDKLTEIYSDRTFA:ARTKQTARXSTGGXAPRX,M3L:ALY:ALY
2bbu,EYQLVVNAVRKLQESGFYWSAVTGGEANLLLSAEPAGTFLIRDSSDQRHFFTLSVKTQSGTKNLRIQCEGGSFSLQSDPRSTQPVPRFDCVLKLVHHYMPPPGTPSFSLPPTEPSSEVPEQPPAQALPGSTPKRAYYIYSGGEKIPLVLSRPLSSN:STASTVEXSTVVHSG,PTR
4apj,DEAEASKFVEEYDRTSQVVWNEYAEANWNYNTNITTETSKILLQKNMQIANHTLKYGTQARKFDVNQLQNTTIKRIIKKVQDLERAALPAQELEEYNKILLDMETTYSVATVCHPNGSCLQLEPDLTNVMATSRKYEDLLWAWEGWRDKAGRAILQFYPKYVELINQAARLNGYVDAGDSWRSMYETPSLEQDLERLFQELQPLYLNLHAYVRRALHRHYGAQHINLEGPIPAHLLGNMWAQTWSNIYDLVVPFPSAPSMDTTEAMLKQGWTPRRMFKEADDFFTSLGLLPVPPEFWNKSMLEKPTDGREVVCHASAWDFYNGKDFRIKQCTTVNLEDLVVAHHEMGHIQYFMQYKDLPVALREGANPGFHEAIGDVLALSVSTPKHLHSLNLLSSDEHDINFLMKMALDKIAFIPFSYLVDQWRWRVFDGSITKENYNQEWWSLRLKYQGLCPPVPRTQGDFDPGAKFHIPSSVPYIRYFVSFIIQFQFHEALCQAAGHTGPLHKCDIYQSKEAGQRLATAMKLGFSRPWPEAMQLITGQPNMSASAMLSYFKPLLDWLRTENELHGEKLGWPQYNWTPN:XGLPPRPKIPP,PCA
2lct,GHMQDLSVHLWYAGPMERAGAESILANRSDGTFLVRQRVKDAAEFAISIKYNVEVKHIKIMTAEGLYRITEKKAFRGLTELVEFYQQNSLKDCFKSLDTTLQFPFKE:DTEVXESPXADPE,PTR:PTR
3maz,VLNPMPACFYTVSRKEATEMLQKNPSLGNMILRPGSDSRNYSITIRQEIDIPRIKHYKVMSVGQNYTIELEKPVTLPNLFSVIDYFVKETRGNLRPFIA:NSXENVLIAKX,PTR:NH2
2c1n,MDKNELVQKAKLAEQAERYDDMAACMKSVTEQGAELSNEERNLLSVAYKNVVGARRSSWRVVSSIEQKTEGAEKKQQMAREYREKIETELRDICNDVLSLLEKFLIPNASQAESKVFYLKMKGDYYRYLAEVAKGIVDQSQQAYQEAFEISKKEMQPTHPIRLGLALNFSVFYYEILNSPEKACSLAKTAFDEAIAELDTLSEESYKDSTLIMQLLRDNLTLWTS:ARKXTGGK,SEP
4buz,MKMKEFLDLLNESRLTVTLTGAGISTPSGIPDFYSQNVFDIDFFYSHPEEFYRFAKEGIFPMLQAKPNLAHVLLAKLEEKGLIEAVITQNIDRLHQRAGSKKVIELHGNVEEYYCVRCEKKYTVEDVIKKLESSDVPLCDDCNSLIRPNIVFFGENLPQDALREAIGLSSRASLMIVLGSSLVVYPAAELPLITVRSGGKLVIVNLGETPFDDIATLKYNMDVVEFARRVMEEGGIS:RHKXLMF,ALY
4hy9,LLDVTPLSLGIETMGGVMTTLIAKNTTIPTKHSQVFSTAEDNQSAVTIHVLQGERKRAADNKSLGQFNLDGINPAPRGMPQIEVTFDIDADGILHVSAKDKNSGKEQKITIKASSGLNEDEIQKMVRDAEANAEADRKFEELVQTRNQGDHLLHSTRKQVEEAGDKLPADDKTAIESALTALETALKGEDKAAIEAKMQELAQVSQKLMEI:LYXXPRPTT,ALC:ALC
2ktb,ARTKQTARKSTGGXAPRKQL:STEGSSPAYLKEILEQLLEAIVVATNPSGRLISELFQKLPSKVQYPDYYAIIKEPIDLKTIAQRIQNGSYKSIHAMAKDIDLLAKNAKTYNEPGSQVFKDANSIKKIFYMKKAEIEHHEMA,ALY
1lck,DNLVIALHSYEPSHDGDLGFEKGEQLRILEQSGEWWKAQSLTTGQEGFIPFNFVAKANSLEPEPWFFKNLSRKDAERQLLAPGNTHGSFLIRESESTAGSFSLSVRDFDQNQGEVVKHYKIRNLDNGGFYISPRITFPGLHELVRHYTNASDGLCTRLSRPCQT:EGQXQPQPA,PTR
3f9y,SKAELQSEERKRIDELIESGKEEGMKIDLIDGKGRGVIATKQFSRGDFVVEYHGDLIEITDAKKREALYAQDPSTGCYMYYFQYLSKTYCVDATRETNRLGRLINHSKCGNCQTKLHDIDGVPHLILIASRDIAAGEELLFDYGDRSKASIEAHPWLKH:KRHRXVL,MLZ
2dvq,GRVTNQLQYLHKVVXKALWKHQFAWPFRQPVDAVKLGLPDYHKIIKQPXDXGTIKRRLENNYYWAASECXQDFNTXFTNCYIYNKPTDDIVLXAQTLEKIFLQKVASXPQEEQE:GRVTNQLQYLHKVVXKALWKHQFAWPFRQPVDAVKLGLPDYHKIIKQPXDXGTIKRRLENNYYWAASECXQDFNTXFTNCYIYNKPTDDIVLXAQTLEKIFLQKVASXPQEE:KGLGXGGA:SGRGKGGKGLGXGGA,MSE:MSE:MSE:MSE:MSE:MSE:MSE:MSE:MSE:MSE:MSE:MSE:MSE:MSE:ALY:ALY
3axy,MSREENVYMAKLAEQAERYEEMVEYMEKVAKTVDVEELTVEERNLLSVAYKNVIGARRASWRIVSSIEQKEEGRGNEEHVTLIKEYRGKIEAELSKICDGILKLLDSHLVPSSTAAESKVFYLKMKGDYHRYLAEFKTGAERKEAAESTMVAYKAAQDIALADLAPTHPIRLGLALNFSVFYYEILNSPDKACNLAKQAFDEAISELDTLGEESYKDSTLIMQLLRDNLTLWTSD:RVLXAPF,SEP
1p22,SPAIMLQRDFITALPARGLDHIAENILSYLDAKSLCAAELVCKEWYRVTSDGMLWKKLIERMVRTDSLWRGLAERRGWGQYLFPPNSFYRALYPKIIQDIETIESNWRCGRHSLQRIHCRSETSKGVYCLQYDDQKIVSGLRDNTIKIWDKNTLECKRILTGHTGSVLCLQYDERVIITGSSDSTVRVWDVNTGEMLNTLIHHCEAVLHLRFNNGMMVTCSKDRSIAVWDMASPTDITLRRVLVGHRAAVNVVDFDDKYIVSASGDRTIKVWNTSTCEFVRTLNGHKRGIACLQYRDRLVVSGSSDNTIRLWDIECGACLRVLEGHEELVRCIRFDNKRIVSGAYDGKIKVWDLVAALDPRAPAGTLCLRTLVEHSGRVFRLQFDEFQIVSSSHDDTILIWD:YLDXGIHXGAT,SEP:SEP
